/*
SQLyog  v12.2.6 (64 bit)
MySQL - 5.7.17-log : Database - sfxx
*********************************************************************
*/

/*!40101 SET NAMES utf8 */;

/*!40101 SET SQL_MODE=''*/;

/*!40014 SET @OLD_UNIQUE_CHECKS=@@UNIQUE_CHECKS, UNIQUE_CHECKS=0 */;
/*!40014 SET @OLD_FOREIGN_KEY_CHECKS=@@FOREIGN_KEY_CHECKS, FOREIGN_KEY_CHECKS=0 */;
/*!40101 SET @OLD_SQL_MODE=@@SQL_MODE, SQL_MODE='NO_AUTO_VALUE_ON_ZERO' */;
/*!40111 SET @OLD_SQL_NOTES=@@SQL_NOTES, SQL_NOTES=0 */;
CREATE DATABASE /*!32312 IF NOT EXISTS*/`sfxx` /*!40100 DEFAULT CHARACTER SET utf8 */;

USE `sfxx`;

/*Table structure for table `calligraphy` */

DROP TABLE IF EXISTS `calligraphy`;

CREATE TABLE `calligraphy` (
  `id` int(11) NOT NULL AUTO_INCREMENT,
  `name` varchar(32) DEFAULT NULL,
  `ca_size` int(11) DEFAULT NULL COMMENT '样字总数',
  `img_type` varchar(16) DEFAULT NULL COMMENT '样字图片类型',
  `short_image_path` varchar(64) DEFAULT NULL COMMENT '缩略图路径',
  `img_path` varchar(64) DEFAULT NULL COMMENT '样字保存路径.默认取path/img1的格式',
  `create_timte` timestamp NOT NULL DEFAULT CURRENT_TIMESTAMP ON UPDATE CURRENT_TIMESTAMP,
  `update_time` timestamp NOT NULL DEFAULT '0000-00-00 00:00:00',
  PRIMARY KEY (`id`)
) ENGINE=InnoDB AUTO_INCREMENT=3 DEFAULT CHARSET=utf8;

/*Data for the table `calligraphy` */

insert  into `calligraphy`(`id`,`name`,`ca_size`,`img_type`,`short_image_path`,`img_path`,`create_timte`,`update_time`) values 
(2,'兰亭集序(王羲之)',317,'png','../images/caligraphy/ltjx/shortImg','ltjx','2017-12-09 16:24:56','0000-00-00 00:00:00');

/*Table structure for table `chapter_examination` */

DROP TABLE IF EXISTS `chapter_examination`;

CREATE TABLE `chapter_examination` (
  `id` int(11) NOT NULL AUTO_INCREMENT,
  `examination_id` int(11) DEFAULT NULL,
  `charpter_id` int(11) DEFAULT NULL,
  `judge_size` int(5) DEFAULT NULL,
  `judge_use` int(5) DEFAULT NULL,
  `single_size` int(5) DEFAULT NULL,
  `single_use` int(5) DEFAULT NULL,
  `mult_size` int(5) DEFAULT NULL,
  `mult_use` int(5) DEFAULT NULL,
  `SAQ_size` int(5) DEFAULT NULL,
  `SAQ_use` int(5) DEFAULT NULL,
  `is_delete` tinyint(4) DEFAULT '0',
  `create_time` datetime DEFAULT NULL,
  `update_time` datetime DEFAULT NULL,
  PRIMARY KEY (`id`)
) ENGINE=InnoDB AUTO_INCREMENT=12 DEFAULT CHARSET=utf8;

/*Data for the table `chapter_examination` */

insert  into `chapter_examination`(`id`,`examination_id`,`charpter_id`,`judge_size`,`judge_use`,`single_size`,`single_use`,`mult_size`,`mult_use`,`SAQ_size`,`SAQ_use`,`is_delete`,`create_time`,`update_time`) values 
(1,3,1,35,9,24,6,22,5,NULL,NULL,0,NULL,NULL),
(2,3,2,23,6,32,7,14,4,NULL,NULL,0,NULL,NULL),
(3,3,3,12,3,0,0,4,1,NULL,NULL,0,NULL,NULL),
(4,3,4,7,1,4,1,6,1,NULL,NULL,0,NULL,NULL),
(5,3,5,21,5,12,3,5,1,NULL,NULL,0,NULL,NULL),
(6,3,6,11,1,4,1,4,1,NULL,NULL,0,NULL,NULL),
(7,3,7,5,3,2,1,2,1,NULL,NULL,0,NULL,NULL),
(8,3,8,6,1,2,1,3,1,NULL,NULL,0,NULL,NULL),
(9,4,1,12,12,12,1,12,12,12,12,0,NULL,NULL),
(10,5,4,NULL,13,NULL,123,NULL,123,NULL,123,0,NULL,NULL),
(11,5,1,NULL,123,NULL,12,NULL,1,NULL,1,0,NULL,NULL);

/*Table structure for table `examination` */

DROP TABLE IF EXISTS `examination`;

CREATE TABLE `examination` (
  `id` int(11) NOT NULL AUTO_INCREMENT,
  `name` varchar(32) DEFAULT NULL,
  `introduce` varchar(64) DEFAULT NULL COMMENT '题目简介',
  `total_size` int(8) DEFAULT NULL COMMENT '总题量',
  `single_choice_size` int(8) DEFAULT NULL COMMENT '单选题量',
  `mult_choice_size` int(8) DEFAULT NULL COMMENT '多选题量',
  `judge_size` int(8) DEFAULT NULL COMMENT '判断题量',
  `SAQ_size` int(8) DEFAULT NULL COMMENT '简答题量',
  `total_score` double DEFAULT NULL COMMENT '总分,只能为100,120,150',
  `judge_score` double DEFAULT NULL COMMENT '判断题分值',
  `single_score` double DEFAULT NULL COMMENT '单选分值,总分必须为100',
  `mult_score` double DEFAULT NULL COMMENT '多选分值,总分必须为100',
  `SAQ_score` double DEFAULT NULL COMMENT '简答分值不固定,这里保存简答题总分',
  `judge_use` int(4) DEFAULT NULL COMMENT '试卷应有多少道判断',
  `single_use` int(4) DEFAULT NULL COMMENT '试卷应有多少道单选',
  `mult_use` int(4) DEFAULT NULL COMMENT '试卷应有多少道多选',
  `SAQ_use` int(4) DEFAULT NULL COMMENT '试卷应有多少道简答',
  `chapter_size` int(4) DEFAULT NULL COMMENT '该测试包含多少章节',
  `price` double DEFAULT NULL COMMENT '价格',
  `exam_time` int(10) DEFAULT NULL COMMENT '考试时间（分钟）',
  `is_delete` tinyint(4) DEFAULT '0',
  `chapter_min_score` double DEFAULT NULL COMMENT '每个章节最少多少分',
  `chapter_max_score` double DEFAULT NULL COMMENT '每个章节最多多少分',
  `create_time` datetime DEFAULT NULL COMMENT '创建时间',
  `update_time` datetime DEFAULT NULL COMMENT '更新时间',
  PRIMARY KEY (`id`)
) ENGINE=InnoDB AUTO_INCREMENT=6 DEFAULT CHARSET=utf8;

/*Data for the table `examination` */

insert  into `examination`(`id`,`name`,`introduce`,`total_size`,`single_choice_size`,`mult_choice_size`,`judge_size`,`SAQ_size`,`total_score`,`judge_score`,`single_score`,`mult_score`,`SAQ_score`,`judge_use`,`single_use`,`mult_use`,`SAQ_use`,`chapter_size`,`price`,`exam_time`,`is_delete`,`chapter_min_score`,`chapter_max_score`,`create_time`,`update_time`) values 
(3,'第一套真题','测试用题库,包含260道真题,你值得拥有',NULL,NULL,NULL,NULL,NULL,100,1,1,1,NULL,30,20,15,0,8,123,90,0,10,15,NULL,'2018-01-24 18:59:30'),
(4,'测试','',NULL,NULL,NULL,NULL,NULL,100,1,1.5,2,NULL,NULL,NULL,NULL,NULL,8,0,NULL,0,NULL,NULL,NULL,'2018-01-24 08:46:29'),
(5,'测试',NULL,NULL,NULL,NULL,NULL,NULL,100,111,11,12,NULL,1,NULL,NULL,NULL,8,NULL,NULL,0,NULL,NULL,NULL,NULL);

/*Table structure for table `question` */

DROP TABLE IF EXISTS `question`;

CREATE TABLE `question` (
  `id` int(11) NOT NULL AUTO_INCREMENT,
  `examination_id` int(4) DEFAULT NULL,
  `question_type` tinyint(4) DEFAULT NULL COMMENT '1单选,2多选,3简单',
  `content` varchar(512) DEFAULT NULL COMMENT '题目内容',
  `choice` varchar(256) DEFAULT NULL COMMENT '选项,对单多选有效,以|分隔',
  `answer_choice` varchar(64) DEFAULT NULL COMMENT '答案,对单多选有效,以|分隔',
  `answer_content` varchar(256) DEFAULT NULL COMMENT '文字答案,对简答有效',
  `answer_detail` varchar(256) DEFAULT NULL COMMENT '试题解析',
  `score` double DEFAULT NULL COMMENT '简答题分数,不能超过章节最大分数',
  `chapter_id` int(4) DEFAULT NULL COMMENT '所在章节id',
  `chapter_name` varchar(16) DEFAULT NULL COMMENT '所属章节名',
  `hard_rank` tinyint(4) DEFAULT NULL COMMENT '难度级别,1到4',
  `is_real` tinyint(4) DEFAULT NULL COMMENT '是否为真题',
  `is_delete` tinyint(4) DEFAULT NULL,
  `create_time` datetime DEFAULT NULL,
  `update_time` datetime DEFAULT NULL,
  PRIMARY KEY (`id`)
) ENGINE=InnoDB AUTO_INCREMENT=1242 DEFAULT CHARSET=utf8;

/*Data for the table `question` */

insert  into `question`(`id`,`examination_id`,`question_type`,`content`,`choice`,`answer_choice`,`answer_content`,`answer_detail`,`score`,`chapter_id`,`chapter_name`,`hard_rank`,`is_real`,`is_delete`,`create_time`,`update_time`) values 
(134,2,1,'基本建设的最终成果一般表现为固定资产的增加。同时，所有新增加固定资产的经济活动都称为基本建设',NULL,'1',NULL,NULL,NULL,1,NULL,NULL,NULL,0,'2017-12-19 14:58:36','2017-12-19 14:58:36'),
(135,2,1,'基本建设的最终成果一般表现为固定资产的增加。同时，所有新增加固定资产的经济活动都称为基本建设',NULL,'1',NULL,NULL,NULL,1,NULL,NULL,NULL,0,'2017-12-19 14:58:36','2017-12-19 14:58:36'),
(136,2,1,'基本建设的最终成果一般表现为固定资产的增加。同时，所有新增加固定资产的经济活动都称为基本建设',NULL,'1',NULL,NULL,NULL,1,NULL,NULL,NULL,0,'2017-12-19 14:58:36','2017-12-19 14:58:36'),
(137,2,1,'基本建设的最终成果一般表现为固定资产的增加。同时，所有新增加固定资产的经济活动都称为基本建设',NULL,'1',NULL,NULL,NULL,1,NULL,NULL,NULL,0,'2017-12-19 14:58:36','2017-12-19 14:58:36'),
(138,2,1,'基本建设的最终成果一般表现为固定资产的增加。同时，所有新增加固定资产的经济活动都称为基本建设',NULL,'1',NULL,NULL,NULL,1,NULL,NULL,NULL,0,'2017-12-19 14:58:36','2017-12-19 14:58:36'),
(139,2,1,'基本建设的最终成果一般表现为固定资产的增加。同时，所有新增加固定资产的经济活动都称为基本建设',NULL,'1',NULL,NULL,NULL,1,NULL,NULL,NULL,0,'2017-12-19 14:58:36','2017-12-19 14:58:36'),
(140,2,1,'基本建设的最终成果一般表现为固定资产的增加。同时，所有新增加固定资产的经济活动都称为基本建设',NULL,'1',NULL,NULL,NULL,1,NULL,NULL,NULL,0,'2017-12-19 14:58:36','2017-12-19 14:58:36'),
(141,2,1,'基本建设的最终成果一般表现为固定资产的增加。同时，所有新增加固定资产的经济活动都称为基本建设',NULL,'1',NULL,NULL,NULL,1,NULL,NULL,NULL,0,'2017-12-19 14:58:36','2017-12-19 14:58:36'),
(142,2,1,'基本建设的最终成果一般表现为固定资产的增加。同时，所有新增加固定资产的经济活动都称为基本建设',NULL,'1',NULL,NULL,NULL,1,NULL,NULL,NULL,0,'2017-12-19 14:58:36','2017-12-19 14:58:36'),
(143,2,1,'基本建设的最终成果一般表现为固定资产的增加。同时，所有新增加固定资产的经济活动都称为基本建设',NULL,'1',NULL,NULL,NULL,1,NULL,NULL,NULL,0,'2017-12-19 14:58:36','2017-12-19 14:58:36'),
(144,2,1,'基本建设的最终成果一般表现为固定资产的增加。同时，所有新增加固定资产的经济活动都称为基本建设',NULL,'1',NULL,NULL,NULL,1,NULL,NULL,NULL,0,'2017-12-19 14:58:36','2017-12-19 14:58:36'),
(145,2,1,'基本建设的最终成果一般表现为固定资产的增加。同时，所有新增加固定资产的经济活动都称为基本建设',NULL,'1',NULL,NULL,NULL,1,NULL,NULL,NULL,0,'2017-12-19 14:58:36','2017-12-19 14:58:36'),
(146,2,1,'基本建设的最终成果一般表现为固定资产的增加。同时，所有新增加固定资产的经济活动都称为基本建设',NULL,'1',NULL,NULL,NULL,1,NULL,NULL,NULL,0,'2017-12-19 14:58:36','2017-12-19 14:58:36'),
(147,2,1,'基本建设的最终成果一般表现为固定资产的增加。同时，所有新增加固定资产的经济活动都称为基本建设',NULL,'1',NULL,NULL,NULL,1,NULL,NULL,NULL,0,'2017-12-19 14:58:36','2017-12-19 14:58:36'),
(148,2,1,'基本建设的最终成果一般表现为固定资产的增加。同时，所有新增加固定资产的经济活动都称为基本建设',NULL,'1',NULL,NULL,NULL,1,NULL,NULL,NULL,0,'2017-12-19 14:58:36','2017-12-19 14:58:36'),
(149,2,1,'基本建设的最终成果一般表现为固定资产的增加。同时，所有新增加固定资产的经济活动都称为基本建设',NULL,'1',NULL,NULL,NULL,1,NULL,NULL,NULL,0,'2017-12-19 14:58:36','2017-12-19 14:58:36'),
(150,2,1,'基本建设的最终成果一般表现为固定资产的增加。同时，所有新增加固定资产的经济活动都称为基本建设',NULL,'1',NULL,NULL,NULL,1,NULL,NULL,NULL,0,'2017-12-19 14:58:36','2017-12-19 14:58:36'),
(151,2,1,'基本建设的最终成果一般表现为固定资产的增加。同时，所有新增加固定资产的经济活动都称为基本建设',NULL,'1',NULL,NULL,NULL,1,NULL,NULL,NULL,0,'2017-12-19 14:58:36','2017-12-19 14:58:36'),
(152,2,1,'基本建设的最终成果一般表现为固定资产的增加。同时，所有新增加固定资产的经济活动都称为基本建设',NULL,'1',NULL,NULL,NULL,1,NULL,NULL,NULL,0,'2017-12-19 14:58:36','2017-12-19 14:58:36'),
(153,2,1,'基本建设的最终成果一般表现为固定资产的增加。同时，所有新增加固定资产的经济活动都称为基本建设',NULL,'1',NULL,NULL,NULL,1,NULL,NULL,NULL,0,'2017-12-19 14:58:36','2017-12-19 14:58:36'),
(154,2,1,'基本建设的最终成果一般表现为固定资产的增加。同时，所有新增加固定资产的经济活动都称为基本建设',NULL,'1',NULL,NULL,NULL,1,NULL,NULL,NULL,0,'2017-12-19 14:58:36','2017-12-19 14:58:36'),
(155,2,1,'基本建设的最终成果一般表现为固定资产的增加。同时，所有新增加固定资产的经济活动都称为基本建设',NULL,'1',NULL,NULL,NULL,1,NULL,NULL,NULL,0,'2017-12-19 14:58:36','2017-12-19 14:58:36'),
(156,2,1,'基本建设的最终成果一般表现为固定资产的增加。同时，所有新增加固定资产的经济活动都称为基本建设',NULL,'1',NULL,NULL,NULL,1,NULL,NULL,NULL,0,'2017-12-19 14:58:36','2017-12-19 14:58:36'),
(157,2,1,'基本建设的最终成果一般表现为固定资产的增加。同时，所有新增加固定资产的经济活动都称为基本建设',NULL,'1',NULL,NULL,NULL,1,NULL,NULL,NULL,0,'2017-12-19 14:58:36','2017-12-19 14:58:36'),
(158,2,1,'基本建设的最终成果一般表现为固定资产的增加。同时，所有新增加固定资产的经济活动都称为基本建设',NULL,'1',NULL,NULL,NULL,1,NULL,NULL,NULL,0,'2017-12-19 14:58:36','2017-12-19 14:58:36'),
(159,2,1,'基本建设的最终成果一般表现为固定资产的增加。同时，所有新增加固定资产的经济活动都称为基本建设',NULL,'1',NULL,NULL,NULL,1,NULL,NULL,NULL,0,'2017-12-19 14:58:36','2017-12-19 14:58:36'),
(160,2,1,'基本建设的最终成果一般表现为固定资产的增加。同时，所有新增加固定资产的经济活动都称为基本建设',NULL,'1',NULL,NULL,NULL,1,NULL,NULL,NULL,0,'2017-12-19 14:58:36','2017-12-19 14:58:36'),
(161,2,1,'基本建设的最终成果一般表现为固定资产的增加。同时，所有新增加固定资产的经济活动都称为基本建设',NULL,'1',NULL,NULL,NULL,1,NULL,NULL,NULL,0,'2017-12-19 14:58:36','2017-12-19 14:58:36'),
(162,2,1,'基本建设的最终成果一般表现为固定资产的增加。同时，所有新增加固定资产的经济活动都称为基本建设',NULL,'1',NULL,NULL,NULL,1,NULL,NULL,NULL,0,'2017-12-19 14:58:36','2017-12-19 14:58:36'),
(163,2,1,'基本建设的最终成果一般表现为固定资产的增加。同时，所有新增加固定资产的经济活动都称为基本建设',NULL,'1',NULL,NULL,NULL,1,NULL,NULL,NULL,0,'2017-12-19 14:58:36','2017-12-19 14:58:36'),
(164,2,2,'以下选项，不是一个建设项目应该具有的特点的是','A.按照一个总体设计进行建设|B.经济上与投资主体在建的所有建设项目实行统一核算，行政上统一管理|C.由一个或若干个具有内在联系的工程所组成的总体|D.建成后具有完整的系统，可以独立地形成生产能力','A',NULL,NULL,NULL,1,NULL,NULL,NULL,0,'2017-12-19 14:58:36','2017-12-19 14:58:36'),
(165,2,2,'以下选项，不是一个建设项目应该具有的特点的是','A.按照一个总体设计进行建设|B.经济上与投资主体在建的所有建设项目实行统一核算，行政上统一管理|C.由一个或若干个具有内在联系的工程所组成的总体|D.建成后具有完整的系统，可以独立地形成生产能力','A',NULL,NULL,NULL,1,NULL,NULL,NULL,0,'2017-12-19 14:58:36','2017-12-19 14:58:36'),
(166,2,2,'以下选项，不是一个建设项目应该具有的特点的是','A.按照一个总体设计进行建设|B.经济上与投资主体在建的所有建设项目实行统一核算，行政上统一管理|C.由一个或若干个具有内在联系的工程所组成的总体|D.建成后具有完整的系统，可以独立地形成生产能力','A',NULL,NULL,NULL,1,NULL,NULL,NULL,0,'2017-12-19 14:58:36','2017-12-19 14:58:36'),
(167,2,2,'以下选项，不是一个建设项目应该具有的特点的是','A.按照一个总体设计进行建设|B.经济上与投资主体在建的所有建设项目实行统一核算，行政上统一管理|C.由一个或若干个具有内在联系的工程所组成的总体|D.建成后具有完整的系统，可以独立地形成生产能力','A',NULL,NULL,NULL,1,NULL,NULL,NULL,0,'2017-12-19 14:58:36','2017-12-19 14:58:36'),
(168,2,2,'以下选项，不是一个建设项目应该具有的特点的是','A.按照一个总体设计进行建设|B.经济上与投资主体在建的所有建设项目实行统一核算，行政上统一管理|C.由一个或若干个具有内在联系的工程所组成的总体|D.建成后具有完整的系统，可以独立地形成生产能力','A',NULL,NULL,NULL,1,NULL,NULL,NULL,0,'2017-12-19 14:58:36','2017-12-19 14:58:36'),
(169,2,2,'以下选项，不是一个建设项目应该具有的特点的是','A.按照一个总体设计进行建设|B.经济上与投资主体在建的所有建设项目实行统一核算，行政上统一管理|C.由一个或若干个具有内在联系的工程所组成的总体|D.建成后具有完整的系统，可以独立地形成生产能力','A',NULL,NULL,NULL,1,NULL,NULL,NULL,0,'2017-12-19 14:58:36','2017-12-19 14:58:36'),
(170,2,2,'以下选项，不是一个建设项目应该具有的特点的是','A.按照一个总体设计进行建设|B.经济上与投资主体在建的所有建设项目实行统一核算，行政上统一管理|C.由一个或若干个具有内在联系的工程所组成的总体|D.建成后具有完整的系统，可以独立地形成生产能力','A',NULL,NULL,NULL,1,NULL,NULL,NULL,0,'2017-12-19 14:58:36','2017-12-19 14:58:36'),
(171,2,2,'以下选项，不是一个建设项目应该具有的特点的是','A.按照一个总体设计进行建设|B.经济上与投资主体在建的所有建设项目实行统一核算，行政上统一管理|C.由一个或若干个具有内在联系的工程所组成的总体|D.建成后具有完整的系统，可以独立地形成生产能力','A',NULL,NULL,NULL,1,NULL,NULL,NULL,0,'2017-12-19 14:58:36','2017-12-19 14:58:36'),
(172,2,2,'以下选项，不是一个建设项目应该具有的特点的是','A.按照一个总体设计进行建设|B.经济上与投资主体在建的所有建设项目实行统一核算，行政上统一管理|C.由一个或若干个具有内在联系的工程所组成的总体|D.建成后具有完整的系统，可以独立地形成生产能力','A',NULL,NULL,NULL,1,NULL,NULL,NULL,0,'2017-12-19 14:58:36','2017-12-19 14:58:36'),
(173,2,2,'以下选项，不是一个建设项目应该具有的特点的是','A.按照一个总体设计进行建设|B.经济上与投资主体在建的所有建设项目实行统一核算，行政上统一管理|C.由一个或若干个具有内在联系的工程所组成的总体|D.建成后具有完整的系统，可以独立地形成生产能力','A',NULL,NULL,NULL,1,NULL,NULL,NULL,0,'2017-12-19 14:58:36','2017-12-19 14:58:36'),
(174,2,2,'以下选项，不是一个建设项目应该具有的特点的是','A.按照一个总体设计进行建设|B.经济上与投资主体在建的所有建设项目实行统一核算，行政上统一管理|C.由一个或若干个具有内在联系的工程所组成的总体|D.建成后具有完整的系统，可以独立地形成生产能力','A',NULL,NULL,NULL,1,NULL,NULL,NULL,0,'2017-12-19 14:58:36','2017-12-19 14:58:36'),
(175,2,2,'以下选项，不是一个建设项目应该具有的特点的是','A.按照一个总体设计进行建设|B.经济上与投资主体在建的所有建设项目实行统一核算，行政上统一管理|C.由一个或若干个具有内在联系的工程所组成的总体|D.建成后具有完整的系统，可以独立地形成生产能力','A',NULL,NULL,NULL,1,NULL,NULL,NULL,0,'2017-12-19 14:58:36','2017-12-19 14:58:36'),
(176,2,2,'以下选项，不是一个建设项目应该具有的特点的是','A.按照一个总体设计进行建设|B.经济上与投资主体在建的所有建设项目实行统一核算，行政上统一管理|C.由一个或若干个具有内在联系的工程所组成的总体|D.建成后具有完整的系统，可以独立地形成生产能力','A',NULL,NULL,NULL,1,NULL,NULL,NULL,0,'2017-12-19 14:58:36','2017-12-19 14:58:36'),
(177,2,2,'以下选项，不是一个建设项目应该具有的特点的是','A.按照一个总体设计进行建设|B.经济上与投资主体在建的所有建设项目实行统一核算，行政上统一管理|C.由一个或若干个具有内在联系的工程所组成的总体|D.建成后具有完整的系统，可以独立地形成生产能力','A',NULL,NULL,NULL,1,NULL,NULL,NULL,0,'2017-12-19 14:58:36','2017-12-19 14:58:36'),
(178,2,2,'以下选项，不是一个建设项目应该具有的特点的是','A.按照一个总体设计进行建设|B.经济上与投资主体在建的所有建设项目实行统一核算，行政上统一管理|C.由一个或若干个具有内在联系的工程所组成的总体|D.建成后具有完整的系统，可以独立地形成生产能力','A',NULL,NULL,NULL,1,NULL,NULL,NULL,0,'2017-12-19 14:58:36','2017-12-19 14:58:36'),
(179,2,2,'以下选项，不是一个建设项目应该具有的特点的是','A.按照一个总体设计进行建设|B.经济上与投资主体在建的所有建设项目实行统一核算，行政上统一管理|C.由一个或若干个具有内在联系的工程所组成的总体|D.建成后具有完整的系统，可以独立地形成生产能力','A',NULL,NULL,NULL,1,NULL,NULL,NULL,0,'2017-12-19 14:58:36','2017-12-19 14:58:36'),
(180,2,2,'以下选项，不是一个建设项目应该具有的特点的是','A.按照一个总体设计进行建设|B.经济上与投资主体在建的所有建设项目实行统一核算，行政上统一管理|C.由一个或若干个具有内在联系的工程所组成的总体|D.建成后具有完整的系统，可以独立地形成生产能力','A',NULL,NULL,NULL,1,NULL,NULL,NULL,0,'2017-12-19 14:58:36','2017-12-19 14:58:36'),
(181,2,2,'以下选项，不是一个建设项目应该具有的特点的是','A.按照一个总体设计进行建设|B.经济上与投资主体在建的所有建设项目实行统一核算，行政上统一管理|C.由一个或若干个具有内在联系的工程所组成的总体|D.建成后具有完整的系统，可以独立地形成生产能力','A',NULL,NULL,NULL,1,NULL,NULL,NULL,0,'2017-12-19 14:58:36','2017-12-19 14:58:36'),
(182,2,2,'以下选项，不是一个建设项目应该具有的特点的是','A.按照一个总体设计进行建设|B.经济上与投资主体在建的所有建设项目实行统一核算，行政上统一管理|C.由一个或若干个具有内在联系的工程所组成的总体|D.建成后具有完整的系统，可以独立地形成生产能力','A',NULL,NULL,NULL,1,NULL,NULL,NULL,0,'2017-12-19 14:58:36','2017-12-19 14:58:36'),
(183,2,2,'以下选项，不是一个建设项目应该具有的特点的是','A.按照一个总体设计进行建设|B.经济上与投资主体在建的所有建设项目实行统一核算，行政上统一管理|C.由一个或若干个具有内在联系的工程所组成的总体|D.建成后具有完整的系统，可以独立地形成生产能力','A',NULL,NULL,NULL,1,NULL,NULL,NULL,0,'2017-12-19 14:58:36','2017-12-19 14:58:36'),
(184,2,3,'按建设项目资金来源和渠道不同分类，建设项目可以分为','A.生产性建设项目|B.非生产性建设项目|C.国家投资建设项目|D.自筹资金建设项目','A|B',NULL,NULL,NULL,1,NULL,NULL,NULL,0,'2017-12-19 14:58:36','2017-12-19 14:58:36'),
(185,2,3,'按建设项目资金来源和渠道不同分类，建设项目可以分为','A.生产性建设项目|B.非生产性建设项目|C.国家投资建设项目|D.自筹资金建设项目','A|B',NULL,NULL,NULL,1,NULL,NULL,NULL,0,'2017-12-19 14:58:36','2017-12-19 14:58:36'),
(186,2,3,'按建设项目资金来源和渠道不同分类，建设项目可以分为','A.生产性建设项目|B.非生产性建设项目|C.国家投资建设项目|D.自筹资金建设项目','A|B',NULL,NULL,NULL,1,NULL,NULL,NULL,0,'2017-12-19 14:58:36','2017-12-19 14:58:36'),
(187,2,3,'按建设项目资金来源和渠道不同分类，建设项目可以分为','A.生产性建设项目|B.非生产性建设项目|C.国家投资建设项目|D.自筹资金建设项目','A|B',NULL,NULL,NULL,1,NULL,NULL,NULL,0,'2017-12-19 14:58:36','2017-12-19 14:58:36'),
(188,2,3,'按建设项目资金来源和渠道不同分类，建设项目可以分为','A.生产性建设项目|B.非生产性建设项目|C.国家投资建设项目|D.自筹资金建设项目','A|B',NULL,NULL,NULL,1,NULL,NULL,NULL,0,'2017-12-19 14:58:36','2017-12-19 14:58:36'),
(189,2,3,'按建设项目资金来源和渠道不同分类，建设项目可以分为','A.生产性建设项目|B.非生产性建设项目|C.国家投资建设项目|D.自筹资金建设项目','A|B',NULL,NULL,NULL,1,NULL,NULL,NULL,0,'2017-12-19 14:58:36','2017-12-19 14:58:36'),
(190,2,3,'按建设项目资金来源和渠道不同分类，建设项目可以分为','A.生产性建设项目|B.非生产性建设项目|C.国家投资建设项目|D.自筹资金建设项目','A|B',NULL,NULL,NULL,1,NULL,NULL,NULL,0,'2017-12-19 14:58:36','2017-12-19 14:58:36'),
(191,2,3,'按建设项目资金来源和渠道不同分类，建设项目可以分为','A.生产性建设项目|B.非生产性建设项目|C.国家投资建设项目|D.自筹资金建设项目','A|B',NULL,NULL,NULL,1,NULL,NULL,NULL,0,'2017-12-19 14:58:36','2017-12-19 14:58:36'),
(192,2,3,'按建设项目资金来源和渠道不同分类，建设项目可以分为','A.生产性建设项目|B.非生产性建设项目|C.国家投资建设项目|D.自筹资金建设项目','A|B',NULL,NULL,NULL,1,NULL,NULL,NULL,0,'2017-12-19 14:58:36','2017-12-19 14:58:36'),
(193,2,3,'按建设项目资金来源和渠道不同分类，建设项目可以分为','A.生产性建设项目|B.非生产性建设项目|C.国家投资建设项目|D.自筹资金建设项目','A|B',NULL,NULL,NULL,1,NULL,NULL,NULL,0,'2017-12-19 14:58:36','2017-12-19 14:58:36'),
(194,2,3,'按建设项目资金来源和渠道不同分类，建设项目可以分为','A.生产性建设项目|B.非生产性建设项目|C.国家投资建设项目|D.自筹资金建设项目','A|B',NULL,NULL,NULL,1,NULL,NULL,NULL,0,'2017-12-19 14:58:36','2017-12-19 14:58:36'),
(195,2,3,'按建设项目资金来源和渠道不同分类，建设项目可以分为','A.生产性建设项目|B.非生产性建设项目|C.国家投资建设项目|D.自筹资金建设项目','A|B',NULL,NULL,NULL,1,NULL,NULL,NULL,0,'2017-12-19 14:58:36','2017-12-19 14:58:36'),
(196,2,3,'按建设项目资金来源和渠道不同分类，建设项目可以分为','A.生产性建设项目|B.非生产性建设项目|C.国家投资建设项目|D.自筹资金建设项目','A|B',NULL,NULL,NULL,1,NULL,NULL,NULL,0,'2017-12-19 14:58:36','2017-12-19 14:58:36'),
(197,2,3,'按建设项目资金来源和渠道不同分类，建设项目可以分为','A.生产性建设项目|B.非生产性建设项目|C.国家投资建设项目|D.自筹资金建设项目','A|B',NULL,NULL,NULL,1,NULL,NULL,NULL,0,'2017-12-19 14:58:36','2017-12-19 14:58:36'),
(198,2,3,'按建设项目资金来源和渠道不同分类，建设项目可以分为','A.生产性建设项目|B.非生产性建设项目|C.国家投资建设项目|D.自筹资金建设项目','A|B',NULL,NULL,NULL,1,NULL,NULL,NULL,0,'2017-12-19 14:58:36','2017-12-19 14:58:36'),
(199,2,4,'根据已知条件，按照工信部通信[2016]451号文颁布的费用定额，编制“建筑安装工程费用预算表(表二)”。计算结果要求精确到小数点后二位。\n已知条件：\n1.本工程为XX公司新建通信管道单项工程，在城区施工，工程所在地为福建省非特殊地区，施工企业基地距施工现场40公里。\n2.本工程技工总工日为300工日，普工总工日为500工日，施工机械使用费为3000元。\n3.甲供主要材料费为90000元，增值税税率为17％，乙供主要材料费为70000元，增值税税率为11％。\n4.本工程施工用水、电、蒸汽费为3500元，运土费为2000元，大型机械为液压顶管机（5t）。\n5.其他不具备计算条件的各项费用不计取。',NULL,NULL,'哇这个问题太难了宝宝不会啊怎么办',NULL,NULL,1,NULL,NULL,NULL,0,'2017-12-19 14:58:36','2017-12-19 14:58:36'),
(200,2,4,'根据已知条件，按照工信部通信[2016]451号文颁布的费用定额，编制“建筑安装工程费用预算表(表二)”。计算结果要求精确到小数点后二位。\n已知条件：\n1.本工程为XX公司新建通信管道单项工程，在城区施工，工程所在地为福建省非特殊地区，施工企业基地距施工现场40公里。\n2.本工程技工总工日为300工日，普工总工日为500工日，施工机械使用费为3000元。\n3.甲供主要材料费为90000元，增值税税率为17％，乙供主要材料费为70000元，增值税税率为11％。\n4.本工程施工用水、电、蒸汽费为3500元，运土费为2000元，大型机械为液压顶管机（5t）。\n5.其他不具备计算条件的各项费用不计取。',NULL,NULL,'哇这个问题太难了宝宝不会啊怎么办',NULL,NULL,1,NULL,NULL,NULL,0,'2017-12-19 14:58:36','2017-12-19 14:58:36'),
(201,2,4,'根据已知条件，按照工信部通信[2016]451号文颁布的费用定额，编制“建筑安装工程费用预算表(表二)”。计算结果要求精确到小数点后二位。\n已知条件：\n1.本工程为XX公司新建通信管道单项工程，在城区施工，工程所在地为福建省非特殊地区，施工企业基地距施工现场40公里。\n2.本工程技工总工日为300工日，普工总工日为500工日，施工机械使用费为3000元。\n3.甲供主要材料费为90000元，增值税税率为17％，乙供主要材料费为70000元，增值税税率为11％。\n4.本工程施工用水、电、蒸汽费为3500元，运土费为2000元，大型机械为液压顶管机（5t）。\n5.其他不具备计算条件的各项费用不计取。',NULL,NULL,'哇这个问题太难了宝宝不会啊怎么办',NULL,NULL,1,NULL,NULL,NULL,0,'2017-12-19 14:58:36','2017-12-19 14:58:36'),
(462,3,1,'基本建设的最终成果一般表现为固定资产的增加。同时，所有新增加固定资产的经济活动都称为基本建设。',NULL,'0',NULL,NULL,NULL,1,NULL,NULL,1,0,NULL,NULL),
(463,3,1,'建设项目按建设性质分为：筹建项目、施工项目、投产项目、收尾项目，停缓建项目等。',NULL,'0',NULL,NULL,NULL,1,NULL,NULL,1,0,NULL,NULL),
(464,3,1,'信息通信工程建设项目的单项工程一般是按不同技术专业或不同的通信系统进行划分的。',NULL,'1',NULL,NULL,NULL,1,NULL,NULL,1,0,NULL,NULL),
(465,3,1,'初步设计和总概算报主管部门批准后，设计部门方可进行施工图阶段设计。',NULL,'1',NULL,NULL,NULL,1,NULL,NULL,1,0,NULL,NULL),
(466,3,1,'工程造价是通过一次预估确定下来的。对工程造价的预估过程就是对造价的控制过程。',NULL,'0',NULL,NULL,NULL,1,NULL,NULL,1,0,NULL,NULL),
(467,3,1,'控制建设工程造价不仅仅是控制建设工程本身的成本，还应同时考虑工期成本、质量成本、安全与环境成本的控制，从而实现工程造价、工期、质量、安全、环境的集成管理。',NULL,'1',NULL,NULL,NULL,1,NULL,NULL,1,0,NULL,NULL),
(468,3,1,'通信工程项目费用编审人员，主要从事建设前期的概预算编制审核工作。',NULL,'0',NULL,NULL,NULL,1,NULL,NULL,1,0,NULL,NULL),
(469,3,1,'国家大力推行的“营改增”这一税制改革涉及的两个主要税种：增值税和营业税，都是流转税。',NULL,'1',NULL,NULL,NULL,1,NULL,NULL,1,0,NULL,NULL),
(470,3,1,'建设项目的固定资产投资也就是建设项目的工程造价，其中建筑安装工程投资也就是建筑安装工程造价。',NULL,'1',NULL,NULL,NULL,2,NULL,NULL,1,0,NULL,NULL),
(471,3,1,'建设单位自身进行项目筹建和项目管理所花费费用，不属于工程造价包含的内容。',NULL,'0',NULL,NULL,NULL,2,NULL,NULL,1,0,NULL,NULL),
(472,3,1,'国产设备原价是指设备制造厂的交货价，即施工现场出库价，或订货合同价。',NULL,'0',NULL,NULL,NULL,2,NULL,NULL,1,0,NULL,NULL),
(473,3,1,'在海拔2000米以上的化工区安装电信设备时，特殊地区施工增加费应按规定标准两倍计取。',NULL,'0',NULL,NULL,NULL,2,NULL,NULL,1,0,NULL,NULL),
(474,3,1,'甲方供材和乙方供材的材料费统一计入建筑安装工程费中按11％计算销项税额。',NULL,'0',NULL,NULL,NULL,2,NULL,NULL,1,0,NULL,NULL),
(475,3,1,'生产准备及开办费是为保证项目正常生产而发生的人员培训费、提前进场费以及投产初期必备的生产生活用具购置的费用。该项费用不计入单项工程总费用中。',NULL,'0',NULL,NULL,NULL,2,NULL,NULL,1,0,NULL,NULL),
(476,3,1,'“预算定额”适用于新建、扩建工程，改建工程可参照使用，用于扩建工程时，其人工工日按乘以系数1.1计取。',NULL,'0',NULL,NULL,NULL,3,NULL,NULL,1,0,NULL,NULL),
(477,3,1,'现行通信建设工程预算定额的编制需贯彻执行“技普分开”的原则，通信工程均分别计取技工工日、普工工日。',NULL,'0',NULL,NULL,NULL,3,NULL,NULL,1,0,NULL,NULL),
(478,3,1,'若建设项目实际投资数额超过了总概算，那么必须在原设计单位和建设单位共同提出追加投资得申请报告基础上，经上级计划部门审核批准后，方能追加投资。',NULL,'1',NULL,NULL,NULL,4,NULL,NULL,1,0,NULL,NULL),
(479,3,1,'单项工程预算可以是一个独立的预算也可由该单项工程中包含的所有单位工程预算汇总而成。',NULL,'1',NULL,NULL,NULL,4,NULL,NULL,1,0,NULL,NULL),
(480,3,1,'专业人员阅读图纸、统计工程量的过程就称为识图。',NULL,'1',NULL,NULL,NULL,4,NULL,NULL,1,0,NULL,NULL),
(481,3,1,'是否编制招标、投标文件，是区别招投标与其他采购方式的最主要特征之一。',NULL,'1',NULL,NULL,NULL,5,NULL,NULL,1,0,NULL,NULL),
(482,3,1,'通信建设工程勘察、设计、监理等服务采购，单项合同估算价在100万元人民币以下的，可以不用招标。',NULL,'0',NULL,NULL,NULL,5,NULL,NULL,1,0,NULL,NULL),
(483,3,1,'使用综合评估法能最大限度地消除评标过程中的单位和人的影响。',NULL,'0',NULL,NULL,NULL,5,NULL,NULL,1,0,NULL,NULL),
(484,3,1,'当事人签订合同时必须写明违约责任，否则主管机关不予登记、公证机构不予公证。',NULL,'1',NULL,NULL,NULL,5,NULL,NULL,1,0,NULL,NULL),
(485,3,1,'在固定总价合同中，承包商承担了全部的工作量和价格的风险。',NULL,'1',NULL,NULL,NULL,5,NULL,NULL,1,0,NULL,NULL),
(486,3,1,'对于一个建设工程项目而言，究竟采用何种合同形式是固定不变的。',NULL,'0',NULL,NULL,NULL,5,NULL,NULL,1,0,NULL,NULL),
(487,3,1,'招标人在编制工程量清单时必须做到统一项目编码、统一项目名称、统一项目特征、统一计量单位、统一工程量计算规则等。',NULL,'1',NULL,NULL,NULL,6,NULL,NULL,1,0,NULL,NULL),
(488,3,1,'综合单价是完成一个规定计量单位的分部分项工程量清单项目或措施清单项目所需的人工费、材料费、机械使用费、仪表使用费、规费、企业管理费、利润，以及一定范围内的风险费用。',NULL,'0',NULL,NULL,NULL,6,NULL,NULL,1,0,NULL,NULL),
(489,3,1,'招标工程量清单是工程量计价的基础，应作为编制招标控制价、投标报价、计算工程量、支付工程款、调整合同价款、办理竣工结算以及工程索赔等的依据之一。',NULL,'1',NULL,NULL,NULL,6,NULL,NULL,1,0,NULL,NULL),
(490,3,1,'规费和税金应在工程中按国家或省级、行业建设主管部门的规定计算，可以作为竞争性费用。',NULL,'0',NULL,NULL,NULL,6,NULL,NULL,1,0,NULL,NULL),
(491,3,1,'审查概算或预算首先要熟悉图纸，因为图纸是审查概算、预算各项工程量的依据。',NULL,'0',NULL,NULL,NULL,8,NULL,NULL,1,0,NULL,NULL),
(492,3,1,'基本建设是指在国民经济中以增加工程效益为目的的综合经济活动。',NULL,'0',NULL,NULL,NULL,1,NULL,NULL,1,0,NULL,NULL),
(493,3,1,'按建设项目建设过程不同阶段分类，筹建项目是在本计划年度内正在做准备，即将开工的项目',NULL,'0',NULL,NULL,NULL,1,NULL,NULL,1,0,NULL,NULL),
(494,3,1,'基本建设程序是对基本建设项目从设计、施工到建成投产所经历的整个过程的各项工作开展先后顺序的规定。',NULL,'0',NULL,NULL,NULL,1,NULL,NULL,1,0,NULL,NULL),
(495,3,1,'施工准备应由施工单位按照建设单位的要求，根据建设项目或单项工程的技术特点来完成。',NULL,'0',NULL,NULL,NULL,1,NULL,NULL,1,0,NULL,NULL),
(496,3,1,'投资概算是指在项目建议书或可行性研究阶段，对拟建项目通过编制预算文件确定的项目投资总额，或称概算造价。',NULL,'0',NULL,NULL,NULL,1,NULL,NULL,1,0,NULL,NULL),
(497,3,1,'工程造价的计价是工程造价控制的基础和载体，没有造价的计价就没有造价的控制。',NULL,'1',NULL,NULL,NULL,1,NULL,NULL,1,0,NULL,NULL),
(498,3,1,'在信息通信工程建设中，要求无论工程投资方和工程承包建设方，或者从事与工程造价有关的咨询机构，必须具有相应数量的项目费用编审人员。',NULL,'1',NULL,NULL,NULL,1,NULL,NULL,1,0,NULL,NULL),
(499,3,1,'从计税原理上说，增值税是对商品生产、流通、劳务服务中多个环节的新增价值或商品的附加值征收的一种流转税，实行价内税。',NULL,'0',NULL,NULL,NULL,1,NULL,NULL,1,0,NULL,NULL),
(500,3,1,'静态投资和动态投资内容有所区别，但二者有密切联系。静态投资包含动态投资，动态投资是静态投资最主要的组成部分。',NULL,'0',NULL,NULL,NULL,2,NULL,NULL,1,0,NULL,NULL),
(501,3,1,'工信部规【2016】451号文发布的《信息通信建设工程费用定额》规定通信建设工程总费用由各信息通信建设项目单位工程总费用构成。',NULL,'0',NULL,NULL,NULL,2,NULL,NULL,1,0,NULL,NULL),
(502,3,1,'在工程施工中，接送施工人员车辆的过路过桥费、折旧费、燃料费等属于机械使用费。',NULL,'0',NULL,NULL,NULL,2,NULL,NULL,1,0,NULL,NULL),
(503,3,1,'夜间施工增加费不考虑施工时段按定额费率常年计取，包干使用。',NULL,'0',NULL,NULL,NULL,2,NULL,NULL,1,0,NULL,NULL),
(504,3,1,'材料的预算价格是指材料的供应价或供货地点价。',NULL,'0',NULL,NULL,NULL,2,NULL,NULL,1,0,NULL,NULL),
(505,3,1,'工程建设其他费用是指从整个建设期间，除建筑安装工程费用以外的，为保证工程建设顺利完成，正常发挥效用而发生的各项费用。',NULL,'0',NULL,NULL,NULL,2,NULL,NULL,1,0,NULL,NULL),
(506,3,1,'建设工程定额反映了工程建设投入与产出的关系，一般只规定的数量标准。',NULL,'0',NULL,NULL,NULL,3,NULL,NULL,1,0,NULL,NULL),
(507,3,1,'按照定额的编制程序和用途分类，可以把建设工程定额分为施工定额、预算定额、投资估算指标、概算定额和工期定额五种。',NULL,'1',NULL,NULL,NULL,3,NULL,NULL,1,0,NULL,NULL),
(508,3,1,'在现行通信建设工程预算定额中，每册均由总说明、册说明、章节说明、定额项目表和附录构成。',NULL,'0',NULL,NULL,NULL,3,NULL,NULL,1,0,NULL,NULL),
(509,3,1,'工程采用二阶段设计时，编制施工图预算，但施工图预算应反映全部费用内容，即除工程费和工程建设其他费之外，还应计列预备费、建设期利息等费用。',NULL,'0',NULL,NULL,NULL,4,NULL,NULL,1,0,NULL,NULL),
(510,3,1,'表四甲用于主要材料表时，应将主要材料分类汇总计算出原价小计，再以小计为基数计取各种采购、运输及保险等手续费。',NULL,'1',NULL,NULL,NULL,4,NULL,NULL,1,0,NULL,NULL),
(511,3,1,'建设工程项目的招标是指招标人在工程项目发包之后制定招标文件，公开招引或邀请招引投标人。',NULL,'0',NULL,NULL,NULL,5,NULL,NULL,1,0,NULL,NULL),
(512,3,1,'涉及国家安全、国家秘密、抢险救灾的项目，按照国家有关规定可以不进行招标。',NULL,'0',NULL,NULL,NULL,5,NULL,NULL,1,0,NULL,NULL),
(513,3,1,'在开标后，招标人可以根据投标书经启封后的相关情况，调整完善评标和定标的办法。',NULL,'0',NULL,NULL,NULL,5,NULL,NULL,1,0,NULL,NULL),
(514,3,1,'工程招标时的设计深度是否达到施工图设计的深度，是影响固定总价合同的适用条件之一。',NULL,'1',NULL,NULL,NULL,5,NULL,NULL,1,0,NULL,NULL),
(515,3,1,'单价合同的工程量清单内所开列的工程量为准确工程量，而非估计工程量。',NULL,'0',NULL,NULL,NULL,5,NULL,NULL,1,0,NULL,NULL),
(516,3,1,'工程量清单计价模式的操作过程一般分为两个阶段：编制招标控制价和编制投标报价。',NULL,'0',NULL,NULL,NULL,6,NULL,NULL,1,0,NULL,NULL),
(517,3,1,'采用工程量清单方式招标，招标工程量清单必须作为招标文件的组成部分，其准确性和完整性由投标人负责。',NULL,'0',NULL,NULL,NULL,6,NULL,NULL,1,0,NULL,NULL),
(518,3,1,'招标人在编制工程量清单时必须做到统一项目编码、统一项目名称、统一项目特征、统一计量单位、统一工程量计算规则。',NULL,'1',NULL,NULL,NULL,6,NULL,NULL,1,0,NULL,NULL),
(519,3,1,'投标人编制投标报价可以根据各相应清单明细优惠的基础上再次进行总价优惠。',NULL,'0',NULL,NULL,NULL,6,NULL,NULL,1,0,NULL,NULL),
(520,3,1,'在工程竣工前，承包人收取的工程预付款和进度款的总额一般不超过合同总额的95%，其余5%尾款在工程竣工结算时除保修金外一并清算。',NULL,'0',NULL,NULL,NULL,7,NULL,NULL,1,0,NULL,NULL),
(521,3,1,'在审核施工图预算时，发现设计图纸有错漏或相互间有矛盾，应及时向设计人员提出修正意见，予以更正，经过审核、修正后的设计图才能作为计算工程量的依据。',NULL,'1',NULL,NULL,NULL,8,NULL,NULL,1,0,NULL,NULL),
(522,3,1,'基本建设是一种宏观的经济活动，它是横跨于国民经济多个部门，包括生产、分配、流通各个环节的物质生产活动。',NULL,'0',NULL,NULL,NULL,1,NULL,NULL,1,0,NULL,NULL),
(523,3,1,'按建设项目建设性质分类，改建项目是指用各种专项拨款和企业基金进行的挖潜、革新、改造的项目。',NULL,'0',NULL,NULL,NULL,1,NULL,NULL,1,0,NULL,NULL),
(524,3,1,'可行性研究报告是要求建设某一具体项目的建设文件，是基本建设程序中最初阶段的工作，是投资决策前对拟建项目的轮廓设想。',NULL,'0',NULL,NULL,NULL,1,NULL,NULL,1,0,NULL,NULL),
(525,3,1,'项目后评价是固定资产投资管理的最后一个环节。',NULL,'1',NULL,NULL,NULL,1,NULL,NULL,1,0,NULL,NULL),
(526,3,1,'从投资者的角度来定义，建设项目工程造价是指建设项目的建设成本，即建设项目预期开支或实际开资的全部费用。',NULL,'1',NULL,NULL,NULL,1,NULL,NULL,1,0,NULL,NULL),
(527,3,1,'工程造价管理是为了实现一定的预期目标，在拟定的规划、设计方案的条件下，预测、计算、确定和监控工程造价及其变动的系统活动。',NULL,'1',NULL,NULL,NULL,1,NULL,NULL,1,0,NULL,NULL),
(528,3,1,'工程造价的计价与控制造价两者相互依存、相互制约、相辅相成，但最终目标是不同的。',NULL,'0',NULL,NULL,NULL,1,NULL,NULL,1,0,NULL,NULL),
(529,3,1,'中国通信企业协会对信息通信工程项目费用编审人员要求近2年内参与过2项以上（含2项）信息通信建设工程项目。',NULL,'1',NULL,NULL,NULL,1,NULL,NULL,1,0,NULL,NULL),
(530,3,1,'一般纳税人和小规模纳税人在对企业会计核算的要求、增值税发票的获取和开具、税额的抵扣等方面要求基本相同，仅是税率有着不同的规定。',NULL,'0',NULL,NULL,NULL,1,NULL,NULL,1,0,NULL,NULL),
(531,3,1,'工程造价的构成是按工程项目建设工程中各类费用支出或花费的性质、途径等来确定的。',NULL,'1',NULL,NULL,NULL,2,NULL,NULL,1,0,NULL,NULL),
(532,3,1,'采购代理服务费是指建设单位物采部门，在采购中发生的管理服务的费用。采购代理服务费根据工程项目实际情况按实计列。',NULL,'0',NULL,NULL,NULL,2,NULL,NULL,1,0,NULL,NULL),
(533,3,1,'施工现场与企业的距离在35km以内时，不计取施工队伍调遣费。',NULL,'1',NULL,NULL,NULL,2,NULL,NULL,1,0,NULL,NULL),
(534,3,1,'工程车辆使用费包括布放光缆的汽车使用费、大修理费和经常修理费。',NULL,'0',NULL,NULL,NULL,2,NULL,NULL,1,0,NULL,NULL),
(535,3,1,'在建安工程费中，城市维护建设税、教育费附加税计入在企业管理费中。',NULL,'1',NULL,NULL,NULL,2,NULL,NULL,1,0,NULL,NULL),
(536,3,1,'材料的供货方式和供货渠道一般有业主供货和承包商供货两种方式。',NULL,'1',NULL,NULL,NULL,2,NULL,NULL,1,0,NULL,NULL),
(537,3,1,'定额是编制投资估算、设计概算、施工图预算及招标控制价的重要依据。',NULL,'1',NULL,NULL,NULL,3,NULL,NULL,1,0,NULL,NULL),
(538,3,1,'预算定额比概算定额准确性高，它是在概算定额基础上进一步细化编制出来的。',NULL,'0',NULL,NULL,NULL,3,NULL,NULL,1,0,NULL,NULL),
(539,3,1,'通信线路工程和通信管道工程，当工程规模较小时，人工工日以总工日为基数按相关规定系数进行调整。',NULL,'1',NULL,NULL,NULL,3,NULL,NULL,1,0,NULL,NULL),
(540,3,1,'单项工程预算由该单项工程中包含的所有单位工程预算汇总而成时，工程建设其他费应以单项工程作为计取单位。',NULL,'1',NULL,NULL,NULL,4,NULL,NULL,1,0,NULL,NULL),
(541,3,1,'建设项目招投标制是在市场经济条件下产生的，意在鼓励竞争，防止垄断。',NULL,'1',NULL,NULL,NULL,5,NULL,NULL,1,0,NULL,NULL),
(542,3,1,'开标应当在招标文件确定的提交投标文件截止时间的同一时间公开进行；开标地点应当为招标文件中确定的地点。',NULL,'1',NULL,NULL,NULL,5,NULL,NULL,1,0,NULL,NULL),
(543,3,1,'招标人根据招标项目特点和需要编制招标公告，它是投标人编制投标文件和报价的依据。',NULL,'0',NULL,NULL,NULL,5,NULL,NULL,1,0,NULL,NULL),
(544,3,1,'对格式条款有两种以上解释的，应当作出有利于提供格式条款合同一方的解释。',NULL,'0',NULL,NULL,NULL,5,NULL,NULL,1,0,NULL,NULL),
(545,3,1,'在单价合同中，当总价和单价的计算结果不一致时，以总价为准调整。',NULL,'0',NULL,NULL,NULL,5,NULL,NULL,1,0,NULL,NULL),
(546,3,1,'工程量清单计价文件是招标文件的组成部分，应提供给投标人。',NULL,'0',NULL,NULL,NULL,6,NULL,NULL,1,0,NULL,NULL),
(547,3,1,'采用工程量清单招标评标时一般采用合理低价中标法，既要对总价评分，又要对综合单价进行分析评分。',NULL,'0',NULL,NULL,NULL,7,NULL,NULL,1,0,NULL,NULL),
(548,3,1,'工程价款结算应按合同约定办理，合同未作约定或约定不明的，应以承包人的要求为准进行价款结算。',NULL,'0',NULL,NULL,NULL,7,NULL,NULL,1,0,NULL,NULL),
(549,3,1,'信息通信建设工程包工包料工程的预付款的支付比例不得低于签约合同价（扣除暂列金额）的15%，不宜高于签约合同价（扣除暂列金额）的40%。',NULL,'0',NULL,NULL,NULL,7,NULL,NULL,1,0,NULL,NULL),
(550,3,1,'计算工程量时要遵循一定的计算顺序，依次进行计算，可以尽量避免发生漏算或重算。',NULL,'1',NULL,NULL,NULL,8,NULL,NULL,1,0,NULL,NULL),
(551,3,1,'在对施工图预算审核时，施工现场的具体情况可以不作为工程量计算的审核依据。',NULL,'0',NULL,NULL,NULL,8,NULL,NULL,1,0,NULL,NULL),
(552,3,1,'基本建设的最终成果一般表现为固定资产的增加。',NULL,'1',NULL,NULL,NULL,1,NULL,NULL,1,0,NULL,NULL),
(553,3,1,'建设项目按建设性质分为：筹建项目、施工项目、投产项目、收尾项目，停缓建项目等。',NULL,'0',NULL,NULL,NULL,1,NULL,NULL,1,0,NULL,NULL),
(554,3,1,'建设项目一般是由多个部分组成的复杂综合体，分部工程是它最小组成单元。',NULL,'0',NULL,NULL,NULL,1,NULL,NULL,1,0,NULL,NULL),
(555,3,1,'基本建设程序是对基本建设项目从设计、施工到建成投产所经历的整个过程中的各项工作开展先后顺序的规定。',NULL,'0',NULL,NULL,NULL,1,NULL,NULL,1,0,NULL,NULL),
(556,3,1,'初步验收应在完成施工调测之后，在原定计划建设工期之外进行。',NULL,'0',NULL,NULL,NULL,1,NULL,NULL,1,0,NULL,NULL),
(557,3,1,'从投资者的角度来定义，建设项目工程造价是指建设项目的建设成本，即建设项目预期开支或实际开资的全部费用。',NULL,'1',NULL,NULL,NULL,1,NULL,NULL,1,0,NULL,NULL),
(558,3,1,'修正概算是对初步设计概算进行修正调整，它比概算造价准确，但受概算造价控制。',NULL,'1',NULL,NULL,NULL,1,NULL,NULL,1,0,NULL,NULL),
(559,3,1,'有效控制工程造价，是把建设工程造价控制在批准的造价限额左右，随时纠正发生的偏差，以保证项目投资控制目标的实现。',NULL,'0',NULL,NULL,NULL,1,NULL,NULL,1,0,NULL,NULL),
(560,3,1,'中国通信企业协会对信息通信工程项目费用编审人员要求具有初级以上职称或者同等专业水平，有1年以上从事信息通信工程建设的工作经历。',NULL,'0',NULL,NULL,NULL,1,NULL,NULL,1,0,NULL,NULL),
(561,3,1,'只就货物或劳务销售额中的增值部分征税，避免了征收重复性，这是增值税最本质特征。',NULL,'1',NULL,NULL,NULL,1,NULL,NULL,1,0,NULL,NULL),
(562,3,1,'所有建设项目总投资包括固定资产投资和包含铺底流动资金在内的流动资产投资两部分。',NULL,'0',NULL,NULL,NULL,2,NULL,NULL,1,0,NULL,NULL),
(563,3,1,'建设单位自身进行项目筹建和项目管理所花费费用，不属于工程造价包含的内容。',NULL,'0',NULL,NULL,NULL,2,NULL,NULL,1,0,NULL,NULL),
(564,3,1,'辅助材料费是指购置对施工生产起辅助作用材料的费用,其计算是以主要材料费为计费基础的。',NULL,'1',NULL,NULL,NULL,2,NULL,NULL,1,0,NULL,NULL),
(565,3,1,'工程施工期间不在冬季也不在雨季,所以不应该计列冬雨季施工增加费。',NULL,'0',NULL,NULL,NULL,2,NULL,NULL,1,0,NULL,NULL),
(566,3,1,'在建安工程费中,城市维护建设税、教育费附加税计入在企业管理费中。',NULL,'1',NULL,NULL,NULL,2,NULL,NULL,1,0,NULL,NULL),
(567,3,1,'定额是在一定的生产技术和劳动组织条件下,完成单位合格产品在人力、物力、财力的利用和消耗方面应当遵守的标准。',NULL,'1',NULL,NULL,NULL,3,NULL,NULL,1,0,NULL,NULL),
(568,3,1,'概算定额的内容和作用的与预算定额相似,但项目划分较粗,没有预算定额的准确性高。',NULL,'1',NULL,NULL,NULL,3,NULL,NULL,1,0,NULL,NULL),
(569,3,1,'预算定额子目中的主要材料消耗量是主要材料消耗定额的净用量。',NULL,'0',NULL,NULL,NULL,3,NULL,NULL,1,0,NULL,NULL),
(570,3,1,'工程采用三阶段设计时，初步设计阶段编制设计概算,技术设计阶段编制修正预算。',NULL,'0',NULL,NULL,NULL,4,NULL,NULL,1,0,NULL,NULL),
(571,3,1,'公开招标相对邀请招标,参加投标的承包商数量少,因而招标时间相对较短,招标费用也较少。',NULL,'0',NULL,NULL,NULL,5,NULL,NULL,1,0,NULL,NULL),
(572,3,1,'在开标后,招标人可以根据投标书启封的相关情况,调整完善评标和定标的办法。',NULL,'0',NULL,NULL,NULL,5,NULL,NULL,1,0,NULL,NULL),
(573,3,1,'狭义的合同是指债权合同,即两个以上的民事主体之间设立、变更、终止债权债务关系的协议。',NULL,'1',NULL,NULL,NULL,5,NULL,NULL,1,0,NULL,NULL),
(574,3,1,'在固定总价合同中，承包商承担了全部的工作量和价格的风险。',NULL,'1',NULL,NULL,NULL,5,NULL,NULL,1,0,NULL,NULL),
(575,3,1,'当事人订立合同，必须采用书面形式。口头形式和其他形式不被法律保护。',NULL,'0',NULL,NULL,NULL,5,NULL,NULL,1,0,NULL,NULL),
(576,3,1,'工程量清单计价文件是设计文件的组成部分,应提供给投标人。',NULL,'0',NULL,NULL,NULL,6,NULL,NULL,1,0,NULL,NULL),
(577,3,1,'投标人在投标时可以根据招标文件中所规定的工程量清单计价方法结合自己企业情况按工程量计算规则确定综合单价。',NULL,'0',NULL,NULL,NULL,6,NULL,NULL,1,0,NULL,NULL),
(578,3,1,'合同工程发生现场签证事项，未经发包人书面签证确认，承包人便擅自施工发生的费用由承包人承担。',NULL,'0',NULL,NULL,NULL,7,NULL,NULL,1,0,NULL,NULL),
(579,3,1,'单项工程竣工结算或建设项目竣工总结算由承包人编制,发包人可直接进行审查,也可以委托具有相应资质的工程造价咨询机构进行审查。',NULL,'1',NULL,NULL,NULL,8,NULL,NULL,1,0,NULL,NULL),
(580,3,1,'定额套用是否正确的审核是工程造价是审核的基础性工作，十分繁琐、复杂。',NULL,'0',NULL,NULL,NULL,8,NULL,NULL,1,0,NULL,NULL),
(581,3,1,'工程定额具有科学性、权威性、法令性，它的形式和内容,计算单位和数量标准,任何人使用都必须全面执行。',NULL,'0',NULL,NULL,NULL,3,NULL,NULL,1,0,NULL,NULL),
(582,3,2,'以下选项，不是一个建设项目应该具有的特点的是（   ）','A.按照一个总体设计进行建设|B.经济上与投资主体在建的所有建设项目实行统一核算，行政上统一管理|C.由一个或若干个具有内在联系的工程所组成的总体|D.建成后具有完整的系统，可以独立地形成生产能力','B',NULL,NULL,NULL,1,NULL,NULL,1,0,NULL,NULL),
(583,3,2,'（   ）一般是可以用较为简单的施工过程就能完成，以适当的计量单位就可以计算出工程量和资源消耗数量，并能方便的计算出其单价。','A.单项工程|B.单位工程|C.分部工程|D.分项工程','D',NULL,NULL,NULL,1,NULL,NULL,1,0,NULL,NULL),
(584,3,2,'某信息通信建设单项工程为综合布线工程，该单项工程依据信息通信建设工程的专业划分规则，其专业类别应该是（   ）','A.有线通信设备安装工程|B.无线通信设备安装工程|C.通信线路工程|D.通信管道工程','C',NULL,NULL,NULL,1,NULL,NULL,1,0,NULL,NULL),
(585,3,2,'通信工程建设项目的试运转期一般为（   ）','A.一个月|B.45个工作日|C.三个月|D.六个月','C',NULL,NULL,NULL,1,NULL,NULL,1,0,NULL,NULL),
(586,3,2,'由于建设工程项目周期长、规模大、造价高、分段实施的特点，直接导致了工程造价计价的（   ）','A.单件性特征|B.组合性特征|C.多次性特征|D.计价依据复杂性特征','C',NULL,NULL,NULL,1,NULL,NULL,1,0,NULL,NULL),
(587,3,2,'纳税人购进货物或应税服务，支付或者负担的增值税税额，称为（   ）。','A.销项税额|B.进项税额|C.应纳税额|D.实纳税额','B',NULL,NULL,NULL,1,NULL,NULL,1,0,NULL,NULL),
(588,3,2,'工信部规【2016】451号文发布的《信息通信建设工程费用定额》规定通信建设工程总费用由各通信建设项目（   ）总费用构成。','A.分项工程|B.分部工程|C.单位工程| D.单项工程','D',NULL,NULL,NULL,2,NULL,NULL,1,0,NULL,NULL),
(589,3,2,'以下费用，不能被包含在进口设备到岸价（CIF价）中的一项是（   ）','A.货价（FOB）|B.外贸手续费|C.国际运费|D.国际运输保险费','B',NULL,NULL,NULL,2,NULL,NULL,1,0,NULL,NULL),
(590,3,2,'材料运杂费指材料自来源地运至（   ）所发生的费用。','A.工地|B.工地仓库|C.施工企业仓库|D.建设单位仓库','B',NULL,NULL,NULL,2,NULL,NULL,1,0,NULL,NULL),
(591,3,2,'对于施工中使用的机械和仪表，在规定的使用年限内，陆续收回其原价值及购置资金的时间价值的费用称为（   ）。','A.大修理费|B.经常修理费|C.折旧费|D.年检费','C',NULL,NULL,NULL,2,NULL,NULL,1,0,NULL,NULL),
(592,3,2,'措施项目费指为完成工程项目施工，发生该工程前和施工过程中非工程实项目的费用。下列不属于措施项目费的是（   ）。','A.生产工具用具使用费|B.冬雨季施工增加费\n|C.勘察设计费|D.施工队伍调遣费\n','C',NULL,NULL,NULL,2,NULL,NULL,1,0,NULL,NULL),
(593,3,2,'信息通信工程由于受市政管理、交通管制、人流密集、输配电设施等影响工效的补偿费用称为工程干扰费。干扰因素一般发生在干扰地区。以下选项不属于干扰地区的是（   ）。','A.规划部门规划内的城区|B.高速公路隔离带|C.化工污染区|D.铁路路基边缘\n','C',NULL,NULL,NULL,2,NULL,NULL,1,0,NULL,NULL),
(594,3,2,'依据《信息通信建设工程费用定额》规定，通信建设工程采用统一单价方式，取定的人工技工工日单价为（   ）。','A.48元/工日|B.24元/工日|C.114元/工日|D.109元/工日','C',NULL,NULL,NULL,2,NULL,NULL,1,0,NULL,NULL),
(595,3,2,'某通信建设单项工程中，预备费5万元，工程建设其他费10万元，建筑安装工程费80万元，需要安装的设备购置费20万元，直接工程费40万元，则其安全生产费是（   ）万元。','A.1.425|B.1.2|C.1.35|D.0.8','B',NULL,NULL,NULL,2,NULL,NULL,1,0,NULL,NULL),
(596,3,2,'填写信息通信工程概、预算表，正确的顺序是（   ）。','A.表三甲乙丙、表四、表五、表二、表一|B.表三甲乙丙、表四、表二、表五、表一|C.表四、表五、表三甲乙丙、表二、表一|D.表五、表四、表三甲乙丙、表二、表一','B',NULL,NULL,NULL,4,NULL,NULL,1,0,NULL,NULL),
(597,3,2,'以下选择，不是招标投标所具有的特点的是（   ）。','A.程序规范|B.全方位开放，透明度高|C.公平、客观|D.交易双方自愿成交','D',NULL,NULL,NULL,5,NULL,NULL,1,0,NULL,NULL),
(598,3,2,'与邀请招标相比，公开招标程序仅是在招标准备阶段多了（   ）和进行资格预审的内容。','A.发布招标公告|B.组织现场踏勘|C.申请招标|D.编写招标文件','A',NULL,NULL,NULL,5,NULL,NULL,1,0,NULL,NULL),
(599,3,2,'由于（   ）允许随工程量变化而调整工程总价，业主和承包商都不存在工程量方面的风险，因此对合同双方都比较公平。','A.总包合同|B.单价合同|C.总价合同|D.成本加酬金合同','B',NULL,NULL,NULL,5,NULL,NULL,1,0,NULL,NULL),
(600,3,2,'以下选项，不是通信建设工程量清单组成部分的是（   ）。','\nA.分部分项清单|B.建筑安装工程费清单|C.措施项目清单|D.规费项目清单','B',NULL,NULL,NULL,6,NULL,NULL,1,0,NULL,NULL),
(601,3,2,'招标投标工程，招标控制价和投标报价是招投标工作的核心，（   ）正确与否直接关系到投标的成败。','A.招标控制价|B.投标报价|C.竣工结算价|D.预算价','B',NULL,NULL,NULL,6,NULL,NULL,1,0,NULL,NULL),
(602,3,3,'1.按建设项目资金来源和渠道不同分类，建设项目可以分为（   ）。','A.生产性建设项目|B.非生产性建设项目|C.国家投资建设项目|D.自筹资金建设项目','C|D',NULL,NULL,NULL,1,NULL,NULL,1,0,NULL,NULL),
(603,3,3,'以下工作，可行性研究阶段必须完成的是（   ）。','A.项目建设规模初步设想|B.项目工程量与投资估算|C.项目国民经济评价|D.项目设备选型方案论证','B|C|D',NULL,NULL,NULL,1,NULL,NULL,1,0,NULL,NULL),
(604,3,3,'以下选项，正确描述工程造价在工程项目管理中所起作用的是（   ）。','A.项目决策的工具|B.筹集建设资金的依据|C.评价投资效果的重要指标|D.制定投资计划和控制投资的有效工具','A|B|C|D',NULL,NULL,NULL,1,NULL,NULL,1,0,NULL,NULL),
(605,3,3,'信息通信工程建设领域项目费用编审人员需要履行的岗位职责，包括（   ）。','A.负责编制或审核工程概预算|B.参加图纸会审或审核工程概预算|C.负责采购工程材料和设备|D.负责竣工工程的决算工作','A|B',NULL,NULL,NULL,1,NULL,NULL,1,0,NULL,NULL),
(606,3,3,'有关增值税税率，下列选项正确的是（   ）。','A.设备购置的增值税税率是17%|B.工程施工的一般计税方法增值税税率是11%|C.设计费增值税税率是6%|D.监理费增值税税率是6%','A|B|C|D',NULL,NULL,NULL,1,NULL,NULL,1,0,NULL,NULL),
(607,3,3,'通信工程建设项目的设备、工器具购置费中除了设备原价外的其他相关附加费包括：设备运杂费、（   ）、采购代理服务费等项费用。','A.工地搬运费|B.采购保管费|C.运输保险费|D.设备验收费','B|C',NULL,NULL,NULL,2,NULL,NULL,1,0,NULL,NULL),
(608,3,3,'可以计入直接费的工资有（   ）。','A.职工学习培训期间工资|B.职工探亲、休假期间的工资|C.因气候影响的停工工资 |D.施工机械操作人员的工资','A|B|C',NULL,NULL,NULL,2,NULL,NULL,1,0,NULL,NULL),
(609,3,3,'信息通信建设工程的基本预备费包括（   ）。','A.进行技术设计、施工图设计和施工过程中，在批准的初步设计概算范围内所增加的工程费用；|B.由一般自然灾害所造成的损失和预防自然灾害所采取的措施项目费用。|C.竣工验收为鉴定工程质量，必须开挖和修复隐蔽工程的费用|D.建设项目贷款在建设期内发生并应计入固定资产的贷款利息等财务费用','A|B|C',NULL,NULL,NULL,2,NULL,NULL,1,0,NULL,NULL),
(610,3,3,'通信线路工程的总工日为（   ），需要按预算定额的调增系数进行调整。','A.100工日以下|B.100-250工日|C.250工日以上 |D.300工日以下','A|B',NULL,NULL,NULL,3,NULL,NULL,1,0,NULL,NULL),
(611,3,3,'关于编制概预算，下列说法正确的是（   ）。','A.编制设计概算应在投资估算的范围内进行|B.对于一阶段设计所编制的施工图预算，应在投资估算的范围内进行|C.编制所有施工图预算应在批准的设计概算范围内进行|D.在两阶段设计时，编制施工图预算应在批准的设计概算范围内进行\n','A|B|D',NULL,NULL,NULL,4,NULL,NULL,1,0,NULL,NULL),
(612,3,3,'施工图预算编制的主要依据包括（   ）。','A.批准可行性研究报告\n|B.通信专业工程量计算规则\n|C.施工图、通用图、标准图及说明\n|D.建设项目所在地政府发布的有关土地征用和赔补费用等有关规定','B|C|D',NULL,NULL,NULL,4,NULL,NULL,1,0,NULL,NULL),
(613,3,3,'以下工程项目，哪些项目按照招投标法规定必须进行招投标（   ）。','A.大型基础设施、公用事业项目|B.涉及国家安全、国家秘密的工程|C.部分使用国家融资的项目|D.抢险救灾工程','A|C',NULL,NULL,NULL,5,NULL,NULL,1,0,NULL,NULL),
(614,3,3,'按计价方式不同，建设工程合同可以划分为（   ）。','A.总价合同|B.单价合同|C.总包合同|D.成本加酬金合同','A|B|D',NULL,NULL,NULL,5,NULL,NULL,1,0,NULL,NULL),
(615,3,3,'以下关于招标控制价的说法，正确的是（   ）。','A.招标人在确定最终招标控制价时应结合自身管理要求和工程实际情况对计算结果进行上下浮动调整；|B.招标控制价是招标对象的最高限价，招标人只要公布总价即可；|C.招标控制价应报送行业主管部门或招标监督机构备案；|D.投标报价不得超过招标控制价，否则废标。','C|D',NULL,NULL,NULL,6,NULL,NULL,1,0,NULL,NULL),
(616,3,3,'对于造价的审核，主要是以（  ）为重点。','A.工程量是否正确|B.定额的套用是否合理|C.费用的计取是否准确|D.预算结果是否准确','A|B|C',NULL,NULL,NULL,8,NULL,NULL,1,0,NULL,NULL),
(617,3,2,'建设项目按照不同的建设性质分类，在以下选项中不包含的项目类型是（   ）。','A.配套项目|B.新建项目|C.扩建项目|D.改造项目','A',NULL,NULL,NULL,1,NULL,NULL,1,0,NULL,NULL),
(618,3,2,'竣工后一般不能独立发挥生产能力或效益，但具有独立设计，可以独立组织施工的工程，被称为（   ）。','A.单项工程|B.单位工程|C.分部工程|D.分项工程','B',NULL,NULL,NULL,1,NULL,NULL,1,0,NULL,NULL),
(619,3,2,'某信息通信建设单项工程为视频监控设备安装工程，该单项工程依据信息通信建设工程的专业划分规则，其专业类别应该是（   ）。','A.有线通信设备安装工程|B.无线通信设备安装工程|C.通信线路工程|D.通信管道工程','A',NULL,NULL,NULL,1,NULL,NULL,1,0,NULL,NULL),
(620,3,2,'（   ）是工程建设的最后一个环节，是考核建设成果、检验设计和工程质量是否符合要求，投资使用是否合理的重要步骤。','A.初步验收|B.竣工验收|C.竣工结算|D.项目后评价','B',NULL,NULL,NULL,1,NULL,NULL,1,0,NULL,NULL),
(621,3,2,'以下选项不是工程造价在工程项目管理中所起作用的是（   ）。','A.项目决策的工具|B.筹集建设资金的依据|C.评价投资效果的重要指标|D.控制投资风险的有效手段','D',NULL,NULL,NULL,1,NULL,NULL,1,0,NULL,NULL),
(622,3,2,'年应征增值税销售额超过财政部和国家税务总局规定的小规模纳税人标准的企业和企业性单位，为（   ）。','A.小规模纳税人|B.重点纳税人|C.一般纳税人|D.特殊纳税人','C',NULL,NULL,NULL,1,NULL,NULL,1,0,NULL,NULL),
(623,3,2,'信息通信工程建设项目设备、工器具购置费用，用于购置必须将其整体或几个部位装配起来，安装在基础或建筑物支架上才能使用的设备的费用称为（   ）。','A.固定设备费|B.需要安装设备费|C.固定资产购置费|D.静态设备费','B',NULL,NULL,NULL,2,NULL,NULL,1,0,NULL,NULL),
(624,3,2,'在通信建设工程中,下列费用不属于机械使用费的是（   ）。','A.折旧费|B.大型施工机械调遣费|C.经常修理费|D.燃料动力费','B',NULL,NULL,NULL,2,NULL,NULL,1,0,NULL,NULL),
(625,3,2,'施工现场为达到环保要求及文明施工所需要的各项费用，称为（   ）。','A.工程干扰费|B.工程排污费|C.环境保护费|D.文明施工费','D',NULL,NULL,NULL,2,NULL,NULL,1,0,NULL,NULL),
(626,3,2,'临时设施依据施工现场与企业的距离划分为两档，划分的界限是（   ）。','A.35公里|B.45公里\n|C.26公里|D.100公里','A',NULL,NULL,NULL,2,NULL,NULL,1,0,NULL,NULL),
(627,3,2,'下列工程可以计列已完工程保护费是（   ）。','A.有线通信安装工程\n|B.电源设备安装工程\n|C.无线通信安装工程（室内部分）|D.有线通信安装工程（室外部分）\n','D',NULL,NULL,NULL,2,NULL,NULL,1,0,NULL,NULL),
(628,3,2,'基础单价，也称为要素价格。以下单价不属于基础单价的是（   ）。','A.设备单价|B.人工单价|C.材料单价|D.机械台班单价','A',NULL,NULL,NULL,2,NULL,NULL,1,0,NULL,NULL),
(629,3,2,'安全生产费是指施工企业按照国家有关规定，购置施工防护用具、落实安全施工措施以及改善安全生产条件所需要的各项费用。其计算公式是（   ）。','A.安全生产费=直接工程费*1.5%\n|B.安全生产费=人工费*1.0%\n|C.安全生产费=建筑安装工程费*1.0%\n|D.安全生产费=建筑安装工程费*1.5%','D',NULL,NULL,NULL,2,NULL,NULL,1,0,NULL,NULL),
(630,3,2,'某施工企业距施工现场280公里，技工500工日，普工600工日，该施工队伍调遣费是（   ）。','A.0元|B.1410元\n|C.2400元|D.4800元\n','C',NULL,NULL,NULL,2,NULL,NULL,1,0,NULL,NULL),
(631,3,2,'工程计价的顺序为（   ）。','A.单位工程造价-分部分项工程单价-单项工程造价-建设项目总造价|B.分部分项工程单价-单位工程造价-单项工程造价-建设项目总造价|C.单项工程造价-分部分项工程单价-单位工程造价-建设项目总造价|D.单位工程造价-单项工程造价-分部分项工程单价-建设项目总造价\n','B',NULL,NULL,NULL,4,NULL,NULL,1,0,NULL,NULL),
(632,3,2,'对建设项目从项目建议书开始,包括可行性研究、勘察设计、设备材料询价与采购、工程施工、生产准备、投料试车，直至竣工投产、交付使用全面实行招标，称为（   ）。','A.工程勘察设计招投|B.建设项目总承包招投标|C.工程施工招投标|D.监理招投标','B',NULL,NULL,NULL,5,NULL,NULL,1,0,NULL,NULL),
(633,3,2,'对于工程难度较大、技术复杂的工程项目，在进行工程招标时，适合采用的评标方法是（   ）。','A.最低投标价法|B.经评审的最低投标价法\n|C.综合评估最低投标价法|D.综合评估法','D',NULL,NULL,NULL,5,NULL,NULL,1,0,NULL,NULL),
(634,3,2,'下列选项，不是总价合同的特点的是（   ）。','A.业主可以根据自身力量和需要,较深入的介入和控制工程施工和管理|B.业主的风险较小，承包人将承担较多的风险|C.评标时易于迅速确定最低报价的投标人|D.在施工进度上能极大地调动承包人的积极性','A',NULL,NULL,NULL,5,NULL,NULL,1,0,NULL,NULL),
(635,3,2,'通信建设工程工程量清单项目的划分及计算规则应依据（   ）进行。','A.通信清单计价规范|B.信息通信工程费用定额|C.设计概算|D.造价咨询师经验','A',NULL,NULL,NULL,6,NULL,NULL,1,0,NULL,NULL),
(636,3,2,'通过对工程造价进行全面、系统的检查和复核，及时纠正所存在的错误和问题，使之更加合理地确定工程造价，达到有效控制工程造价的目的，保证项目目标管理的实现，称为（   ）。','A.工程造价控制|B.工程造价编制|C.工程造价审核|D.工程造价审计','C',NULL,NULL,NULL,8,NULL,NULL,1,0,NULL,NULL),
(637,3,3,'下列选项，可以作为一个建设项目必须具备的条件是（   ）。','A.在同一地点建设|B.依据一个总体设计|C.实行统一经济核算|D.由一家企业承办','B|C',NULL,NULL,NULL,1,NULL,NULL,1,0,NULL,NULL),
(638,3,3,'信息通信工程建设项目划分单项工程一般依据（   ）。','A.不同的设备厂家|B.不同的技术专业|C.不同的资金来源|D.不同的通信系统','B|D',NULL,NULL,NULL,1,NULL,NULL,1,0,NULL,NULL),
(639,3,3,'工程造价的特点，决定了工程造价计价具有单件性、（  ）、依据复杂性等多个明显特征。','A.多次性|B.组合性\n|C.不确定性|D.方法多样性','A|B|D',NULL,NULL,NULL,1,NULL,NULL,1,0,NULL,NULL),
(640,3,3,'要达到工程造价的有效控制，需要关注的关键因素包括（   ）。','A.控制目标的合理设置|B.有重点的全过程控制|C.积极发现造价偏离，及时调整|D.技术与经济相结合','A|B|D',NULL,NULL,NULL,1,NULL,NULL,1,0,NULL,NULL),
(641,3,3,'下列选项中，属于对增值税特点正确描述的是（   ）。','A.税收中性|B.差额征税，避免重复征缴|C.计算简便，税收成本较低|D.税收征缴公平一致','A|B|D',NULL,NULL,NULL,1,NULL,NULL,1,0,NULL,NULL),
(642,3,3,'以下费用中，包含在工程造价基本构成中有（   ）。','A.用于购买工程项目各种设备的费用|B.用于购买购置土地所需的费用|C.委托工程勘察设计的费用|D.建设单位自身进行项目管理的费用','A|B|C|D',NULL,NULL,NULL,2,NULL,NULL,1,0,NULL,NULL),
(643,3,3,'直接工程费中的材料费包括（   ）。','A.周转使用材料的摊销|B.工地器材搬运费\n|C.施工过程中实际消耗的原材料|D.搭建临时设施的材料费','A|C',NULL,NULL,NULL,2,NULL,NULL,1,0,NULL,NULL),
(644,3,3,'措施项目费是指为完成工程项目施工,发生于该工程前和施工过程中非工程实体项目的费用。下列费用属于措施项目费的是（   ）。','A.工程点交场地清理费|B.临时设施费|C.工具用具使用费|D.安全生产费','A|B|C',NULL,NULL,NULL,2,NULL,NULL,1,0,NULL,NULL),
(645,3,3,'定额的特点主要包括权威性、科学性、（   ）。','A.单一性|B.稳定性|C.时效性|D.系统性','B|C|D',NULL,NULL,NULL,3,NULL,NULL,1,0,NULL,NULL),
(646,3,3,'设计概算的编制的主要依据包括（   ）。','A.国家相关部门发布的有关、法规、标准规范|B.批准可行性研究报告|C.与项目采购有关的合同、协议|D.通信专业工程量计算规则','A|B|C|D',NULL,NULL,NULL,4,NULL,NULL,1,0,NULL,NULL),
(647,3,3,'概预算文件编制说明主要包括（   ）。','A.工程概况|B.编制依据|C.技术分析|D.其他需要说明的问题','A|B|D',NULL,NULL,NULL,4,NULL,NULL,1,0,NULL,NULL),
(648,3,3,'建设项目招标投标制度是在市场经济条件下产生的，因而必然受（   ）的制约。','A.用人机制|B.竞争机制|C.供求机制|D.价格机制','B|C|D',NULL,NULL,NULL,5,NULL,NULL,1,0,NULL,NULL),
(649,3,3,'下列关于工程量清单计价法和定额计价法的说法，正确的是（   ）。','A.推行工程量清单计价是推进通信建设市场化的重要途径；|B.定额计价反映的是社会平均水平造价；|C.清单计价不能反映企业的管理水平；|D.工程量清单造价有利于防止招标工程中弄虚作假、暗箱操作等不规范行为','A|B|D',NULL,NULL,NULL,6,NULL,NULL,1,0,NULL,NULL),
(650,3,3,'工程价款结算包括的过程有（   ）。','A.按合同计算工程价款|B.对变更及索赔部分进行调整|C.发承包双方对各项费用进行确认|D.对确认的价款进行支付','A|B|C',NULL,NULL,NULL,7,NULL,NULL,1,0,NULL,NULL),
(651,3,3,'以下选项，是必须对工程造价进行审核的原因有（   ）。','A.编制水平高低不齐,导致出现差错|B.预算定额或补充定额可能会使用不合理|C.存在人为提高工程造价、高估冒算现象|D.工程造价管理各环节相互监督的需要','A|B|C',NULL,NULL,NULL,8,NULL,NULL,1,0,NULL,NULL),
(652,3,2,'一个建设项目被称作非生产性建设项目，这是从（   ）方面考虑对项目进行划分的。','A.项目的资金来源|B.项目的生产能力|C.项目的建设性质|D.项目的最终用途','D',NULL,NULL,NULL,1,NULL,NULL,1,0,NULL,NULL),
(653,3,2,'在一个建设项目的层次划分中，具有独立的设计文件、可以单独编制投资预算的是（   ）','A.新建工程|B.改建工程|C.单项工程|D.单位工程','C',NULL,NULL,NULL,1,NULL,NULL,1,0,NULL,NULL),
(654,3,2,'以下不属于我国基本建设程序工作环节的是（   ）','A.可行性研究|B.技术设计|C.竣工验收|D.生产运营','D',NULL,NULL,NULL,1,NULL,NULL,1,0,NULL,NULL),
(655,3,2,'在施工过程中，对隐蔽工程的随工验收，一般由（   ）履行此项职责。','A.施工单位管理人员|B.工程概预算人员\n|C.工程监理人员|D.工程审计人员','C',NULL,NULL,NULL,1,NULL,NULL,1,0,NULL,NULL),
(656,3,2,'以下选项不是工程造价计价特征的是（   ）','A.单件性特征|B.大额性特征|C.多次性特征|D.计价方法多样性特征\n','B',NULL,NULL,NULL,2,NULL,NULL,1,0,NULL,NULL),
(657,3,2,'某建筑安装公司是小规模纳税人，它应该按（   ）增值税税率缴纳增值税。','A.17%|B.3%|C.11%|D.13%\n','B',NULL,NULL,NULL,2,NULL,NULL,1,0,NULL,NULL),
(658,3,2,'以下哪项费用，不属于通信建设单项工程总费用构成的是（   ）。','A.工程费|B.建设期利息|C.固定资产投资方向调节税|D.涨价预备费','C',NULL,NULL,NULL,2,NULL,NULL,1,0,NULL,NULL),
(659,3,2,'人工费指直接从事建筑安装工程施工的生产人员开支的各项费用。下列费用不属于人工费的是（   ）。','A.生产人员的基本工资|B.生产人员的工资性补贴|C.辅助工资|D.职工的养老保险','D',NULL,NULL,NULL,2,NULL,NULL,1,0,NULL,NULL),
(660,3,2,'施工用水电蒸汽费是指（   ）使用水、电、蒸汽所发生的费用。','A.监理单位实施工程监理中|B.施工生产过程中|C.施工企业中在施工期间生活|D.厂方检验','B',NULL,NULL,NULL,2,NULL,NULL,1,0,NULL,NULL),
(661,3,2,'间接费由（   ）组成。','A.规费和企业管理费|B.企业管理费和措施费|C.规费和直接工程费|D.规费和措施费','A',NULL,NULL,NULL,2,NULL,NULL,1,0,NULL,NULL),
(662,3,2,'以下不是影响材料价格主要因素的是（   ）。','A.市场材料供需的变化|B.材料生产成本|C.施工工艺要求|D.材料运输距离','C',NULL,NULL,NULL,2,NULL,NULL,1,0,NULL,NULL),
(663,3,2,'以下选项，不属于工程建设其他费用内容的是（   ）。','A.与未来企业生产经营有关的其他费用|B.与土地使用相关的费用|C.与设备购置相关的费用|D.与工程设计相关的费用','C',NULL,NULL,NULL,2,NULL,NULL,1,0,NULL,NULL),
(664,3,2,'某通信建设单项工程中，预备费5万元，工程建设其他费10万元，建设安装工程费100万元，需要安装的设备购置费20万元，直接工程费80万元，则其安装生产费是（   ）','A、1.2|B、1.5|C、1.8|D、1.95\n','B',NULL,NULL,NULL,2,NULL,NULL,1,0,NULL,NULL),
(665,3,2,'下列情况不能列入预备费的是（   ）','A.设计变更增加的费用|B.由一般自然灾害所造成的损失和预防自然灾害所采取的措施费用|C.竣工验收时为鉴定工程质量，对隐蔽工程进行必要的开挖和修复费用|D.对生产维护人员培训以及熟悉工艺流程、设备性能等在生产前做准备的费用','D',NULL,NULL,NULL,2,NULL,NULL,1,0,NULL,NULL),
(666,3,2,'填写信息工程概、预算表，正确的顺序是（   ）','A.表四、表五、表三甲乙丙、表二、表一|B.表五、表四、表三甲乙丙、表二、表一|C.表三甲乙丙、表四、表五、表二、表一|D.表三甲乙丙、表四、表二、表五、表一','D',NULL,NULL,NULL,4,NULL,NULL,1,0,NULL,NULL),
(667,3,2,'以下工程项目，可以不进行招投标是的（   ）','A.大型基础设施、公用事业项目|B.部分使用国有资金的项目|C.使用外国政府贷款的项目|D.抢险救灾工程','D',NULL,NULL,NULL,5,NULL,NULL,1,0,NULL,NULL),
(668,3,2,'由一定机关事先拟定的，对当事人订立相关合同起示范作用的合同文本成为（   ）','A.格式条款合同|B.标准条款合同|C.合同示范为本|D.合同固定文本','C',NULL,NULL,NULL,5,NULL,NULL,1,0,NULL,NULL),
(669,3,2,'.能够较合理的分担了合同履行过程中的风险，在实际完成工程量与估计工程量有较大差异时，可以避免业主过大的额外支出或承包商的亏损的合同形式是（ ）','A.单价合同|B.固定总价合同|C.可调总价合同|D.成本加酬金合同','A',NULL,NULL,NULL,5,NULL,NULL,1,0,NULL,NULL),
(670,3,2,'下列计价方式能充分反应市场定价体系的作用是（   ）','A.综合单价|B.工程量清单计价|C.定额计价|D.行业指导价','B',NULL,NULL,NULL,6,NULL,NULL,1,0,NULL,NULL),
(671,3,2,'发、承包双方根据国家有关法律、法规规定和合同预定，对合同实施中、终止时、已完工后的工程项目进行合同价款计算、调整和确认，称为（   ）。它是工程项目承包中一项十分重要的工作。','A.工程价款支付|B.工程价款结算|C.工程竣工结算|D.工程竣工决算','C',NULL,NULL,NULL,7,NULL,NULL,1,0,NULL,NULL),
(672,3,3,'以计划年度为单位，按建设工程项目建设工程不同阶段分类，建设项目可以分为（   ）','A.筹建项目|B.改建项目|C.扩建项目|D.停缓建项目','A|D',NULL,NULL,NULL,1,NULL,NULL,1,0,NULL,NULL),
(673,3,3,'以下工程内容可以作为信息通信建设项目单项工程的有（   ）','A.电缆线路工程|B.基站设备安装工程|C.光放设备安装工程|D.住宅光纤到户工程','A|B|C|D',NULL,NULL,NULL,1,NULL,NULL,1,0,NULL,NULL),
(674,3,3,'初步设计的主要任务是（   ）','A.确定项目的建设方案|B.进行设备选型|C.确定施工工艺|D.编制项目的总概算','A|B|D',NULL,NULL,NULL,1,NULL,NULL,1,0,NULL,NULL),
(675,3,3,'作为工程造价的层次性体现，不同层次的工程造价主要包括（   ）','A.工程概算造价|B.单项工程造价|C.单位工程造价|D.建设项目总造价','B|C|D',NULL,NULL,NULL,1,NULL,NULL,1,0,NULL,NULL),
(676,3,3,'全要素造价管理要求不能单就工程造价本身谈造价管理，还应该同时考虑（   ）','A.政府管理成本|B.工期控制成本|C.环境保护成本|D.自然灾害成本','B|C',NULL,NULL,NULL,1,NULL,NULL,1,0,NULL,NULL),
(677,3,3,'全面实施营改增，是推动供给侧结构性改革的一项重要举措，它对我们经济发展具有重要意义，主要有（   ）','A.全面实施营改增，使增值税变成了一个全链条|B.所有的企业和行业全部都实施了增值税，充分体现了增值税税收中性的原则|C.实现了全链条的增值税制度，对于增值税征收管理有非常积极的效果|D.全面实施营改增是对所有行业实行的一次减税行为','A|B|C|D',NULL,NULL,NULL,1,NULL,NULL,1,0,NULL,NULL),
(678,3,3,'下列选项与计算辅助材料费有关的是（   ）','A.机械使用费|B.主要材料费|C.人工费|D.辅助材料费系数','B|D',NULL,NULL,NULL,2,NULL,NULL,1,0,NULL,NULL),
(679,3,3,'下列进入直接费的费用项目是（   ）','A.直接工程费|B.临时设施费|C.冬雨季施工增加费|D.利润','A|B|C',NULL,NULL,NULL,2,NULL,NULL,1,0,NULL,NULL),
(680,3,3,'下列关于人工费的说法，正确的是（   ）','A.通信建设工程不分专业和地区工资类别，综合取定人工费|B.人工费=技工费+普工费|C.人工费单价为：技工114元/工日，普工为61元/工日|D.通信线路工程的人工费仅包含技工费','A|B|C',NULL,NULL,NULL,2,NULL,NULL,1,0,NULL,NULL),
(681,3,3,'按主编单位和管理权限分类，工程建设定额可分为（   ）','A.全国统一定额|B.行业统一定额|C.企业定额|D.临时定额','A|B|C',NULL,NULL,NULL,3,NULL,NULL,1,0,NULL,NULL),
(682,3,3,'是信息通信工程单项工程概算的组成部分的是（   ）','A.工程费|B.预备费\n|C.工程建设其他费|D.建设期利息','A|B|C',NULL,NULL,NULL,4,NULL,NULL,1,0,NULL,NULL),
(683,3,3,'设计概算的编制的主要依据不包括（   ）','A.国家相关部门发布的有关法律、法规、标准规范|B.施工图、通用图、标准图及说明|C.批准的初步设计概算及有关文件|D.通信专业工程量计算规则','B|C',NULL,NULL,NULL,4,NULL,NULL,1,0,NULL,NULL),
(684,3,3,'实行招投标制，对降低工程造价，使工程造价得到合理控制具有非常重要的影响，这种影响主要表现在（   ）','A.形成了市场定价的价格机制，使工程造价更趋于合理|B.便于供求双方更好的相互选择，是工程价格更加符合价值规律|C.有利于规范价格行为，使价格形成的过程变得较为透明和规范|D.增加了交易过程中的费用，对工程造价的控制产生重要影响','A|B|C',NULL,NULL,NULL,5,NULL,NULL,1,0,NULL,NULL),
(685,3,3,'下列关于工程量清单计价法，说法错误的是（   ）','A.投标报价中的综合单价是拨付工程款的重要依据|B.工程量清单计价特点是量价合一、风险共担|C.工程量清单计价是依赖建设主管部部门发布的定额和规定的取费标准进行计价的模式|D.工程量清单计价切合了政府宏观调控、企业自主报价、市场形成价格、社会全面监督的工程造价管理思路','B|C',NULL,NULL,NULL,6,NULL,NULL,1,0,NULL,NULL),
(686,3,3,'在审核工程概预算的工作中一般要坚持的原则有（   ）','A.掌握建设项目第一手资料是审核工程概预算的前提|B.全面研究设计图纸和定额资料是审核工程概预算的基础|C.工程概预算的量、价、费同审是审核工作的主要内容|D.选择正确的审核方法是提高审核速度和审核质量的必要保证','A|B|C|D',NULL,NULL,NULL,8,NULL,NULL,1,0,NULL,NULL),
(687,3,2,'以下经济活动不属于基本建设行为的是（   ）','A.建筑工程施工|B.安装工程施工|C.施工材料购置|D.生产设备租赁','D',NULL,NULL,NULL,1,NULL,NULL,1,0,NULL,NULL),
(688,3,2,'一个建设项目被称为大中型建设项目,这是从（   ）方面考虑对项目进行划分的。','A.项目的资金来源|B.项目的生产能力|C.项目的建设性质|D.项目的最终用途','B',NULL,NULL,NULL,1,NULL,NULL,1,0,NULL,NULL),
(689,3,2,'某信息通信建设单项工程为视频监控设备安装工程，该单项工程依据信息通信建设工程的专业划分规则,其专业类别应该是（   ）','A.无线通信设备安装工程|B.有线通信设备安装工程|C.通信线路工程|D.通信管道工程','B',NULL,NULL,NULL,1,NULL,NULL,1,0,NULL,NULL),
(690,3,2,'建设项目的实际工程造价是该项目的（   ）','A.竣工决算价|B.结算价|C.合同价|D.设计概算价','A',NULL,NULL,NULL,1,NULL,NULL,1,0,NULL,NULL),
(691,3,2,'任何一项建设工程从决策到竣工交付使用，都有一个较长的建设期。在这一期间,如工程变更,材料价格、费率、利率、汇率等会发生变化。决定了建设项目工程造价具有（   ）','A.大额性|B.单一性\n|C.动态性|D.兼容性','C',NULL,NULL,NULL,1,NULL,NULL,1,0,NULL,NULL),
(692,3,2,'工程造价控制的关键在于施工前的投资决策和设计阶段,而在项目做出投资决策后,控制工程造价的关键就在于（   ）','A.计划组织|B.工程设计|C.工程监理|D.合同签订','B',NULL,NULL,NULL,1,NULL,NULL,1,0,NULL,NULL),
(693,3,2,'下列选项,不属于信息通信工程项目费用编审人员在工程设计阶段的主要工作职责的是（   ）','A.掌握工程预算定额|B.掌握有关政策规定\n|C.了解工程情况,绘制工程图纸|D.正确编制和审核工程概预算','C',NULL,NULL,NULL,1,NULL,NULL,1,0,NULL,NULL),
(694,3,2,'电信行业从（   ）起开始全面实施营改增。','A.2013年8月1日|B.2014年1月1日|C.2014年6月1日|D.2016年6月1日','C',NULL,NULL,NULL,1,NULL,NULL,1,0,NULL,NULL),
(695,3,2,'由设备制造场仓库或交货地点运至施工工地仓库,所发生的免费、装卸费及杂项费用,被称为（）','A.设备到岸价|B.设备原价|C.设备运杂费|D.设备采购保管费','C',NULL,NULL,NULL,2,NULL,NULL,1,0,NULL,NULL),
(696,3,2,'仪表使用费应归入（   ）','A.规费|B.直接工程费\n|C.措施项目费|D.间接费','B',NULL,NULL,NULL,2,NULL,NULL,1,0,NULL,NULL),
(697,3,2,'某施工企业距施工现场35公里,技工350工日，普工600工日,在施工队伍调遣费是（   ）元','A.0|B.1410|C.2400|D.4800','A',NULL,NULL,NULL,2,NULL,NULL,1,0,NULL,NULL),
(698,3,2,'直接工程费中人工费的基本工资是指（   ）','A.直接从事建筑安装工程施工的生产人员的岗位工资和技能工资|B.从事机械操作人员的岗位工资和技能工资|C.从事仪表操作人员的岗位工资和技能工资|D.施工企业总经理的岗位工资和技能工资','A',NULL,NULL,NULL,2,NULL,NULL,1,0,NULL,NULL),
(699,3,2,'教育费附加计入（   ）中','A.建设单位管理费|B.销项税额|C.企业管理费|D.项目建设管理费','C',NULL,NULL,NULL,2,NULL,NULL,1,0,NULL,NULL),
(700,3,2,'建设工程监理费应在（   ） ','A.工程建设其他费用单独计列|B.建设单位管理费中包含|C.直接工程费中计取|D.建筑安装工程费中计取','A',NULL,NULL,NULL,2,NULL,NULL,1,0,NULL,NULL),
(701,3,2,'施工图预算的作用不包括（   ）','A.是考核工程成本,确定工程造价的主要依据|B.是工程价款结算的主要依据|C.是进行拨款和贷款的依据|D.是考核施工图设计技术经济和理性的主要依据','C',NULL,NULL,NULL,4,NULL,NULL,1,0,NULL,NULL),
(702,3,2,'建设工程的招标方式分为公开招标和（   ）','A.私密招标|B.邀请招标|C.选择招标|D.自愿招标','B',NULL,NULL,NULL,5,NULL,NULL,1,0,NULL,NULL),
(703,3,2,'工程勘察、设计合同一般为（）','A.总价合同|B.单价合同|C.成本加酬金合同|D.总包合同','A',NULL,NULL,NULL,5,NULL,NULL,1,0,NULL,NULL),
(704,3,2,'施工招标时所依据的工程项目的（   ），经常是选择合同类型的重要因素。','A.施工难度|B.质量要求|C.精度要求|D.设计深度','D',NULL,NULL,NULL,5,NULL,NULL,1,0,NULL,NULL),
(705,3,2,'下列情况下，承包人只能得到工期延长而得不到经济补偿的是（   ）','A.承包人原因引起工期延长|B.发包人原因引起工期延长|C.客观原因引起工期延长|D.由发包人原因引起工期延长期间并发客观原因引起的工期延长','C',NULL,NULL,NULL,7,NULL,NULL,1,0,NULL,NULL),
(706,3,2,'以下选项中，不是造价审核人员对招标控制价和投标报价审核时可以使用的宏观指标的是（   ）','A.全员劳动生产率|B.单位投资的生产能力比值|C.单位工程用工用料正常指标|D.各类费用的正常比例','B',NULL,NULL,NULL,8,NULL,NULL,1,0,NULL,NULL),
(707,3,3,'以下选项,作为一个建设项目必须具备的条件是（   ）','A.在同一地点|B.依据一个总体设计|C.实行统一经济合算|D.由一家企业承办','B|C',NULL,NULL,NULL,1,NULL,NULL,1,0,NULL,NULL),
(708,3,3,'对于技术复杂且缺乏经验的项目，经主管部门指定,可以进行三阶段设计，三阶段设计是指（   ）','A.初步设计|B.详细设计|C.技术设计|D.施工图设计','A|C|D',NULL,NULL,NULL,1,NULL,NULL,1,0,NULL,NULL),
(709,3,3,'在我国基本建设程序中，立项阶段可以划分为（   ）等环节的工作。','A.提出项目建议书|B.编制可行性研究报告\n|C.评估可行性研究报告|D.编制初步设计','A|B|C',NULL,NULL,NULL,1,NULL,NULL,1,0,NULL,NULL),
(710,3,3,'建设工程造价管理不仅仅是建设单位的任务也应该是（   ）的共同任务。','A.政府建设行政主管部门|B.银行、保险等相关金融机构|C.行业协会|D.设计单位','A|C|D',NULL,NULL,NULL,1,NULL,NULL,1,0,NULL,NULL),
(711,3,3,'中国通信企业协会对信息通信工程项目费用编审人员要求应当具备的基本条件包括（   ）','A.遵纪守法，身体健康，年龄不超过60周岁|B.大学本科及以上学历|C.具有初级以上职称或者同等专业水平|D.有两年以上从事信息通信工程建设的工作经历','C|D',NULL,NULL,NULL,1,NULL,NULL,1,0,NULL,NULL),
(712,3,3,'某一般纳税人采用增值税基本税率11%缴纳增值税,其所属行业可能是（   ）','A.货物租赁|B.交通运输业|C.电信业|D.金融服务业','B|C',NULL,NULL,NULL,1,NULL,NULL,1,0,NULL,NULL),
(713,3,3,' 建设项目静态投资是以某一基准年、月的建设要素的价格为依据所计算出来的建设项目投资的瞬时值，它包括（   ）','A.建设项目前期工程费|B.建筑安装工程费\n|C.工程建设其他费用|D.涨价预备费','A|B|C',NULL,NULL,NULL,2,NULL,NULL,1,0,NULL,NULL),
(714,3,3,'以下费用中包含在工程造价基本构成中有（   ）','A.用于购买工程项目各种设备的费用|B.用于购置土地所需的费用|C.委托工程勘察设计的费用|D.建设单位自身进行项目管理的费用','A|B|C|D',NULL,NULL,NULL,2,NULL,NULL,1,0,NULL,NULL),
(715,3,3,'以下费用包含在直接费中人工费的有（   ）。','A.生产人员技能工资|B.流动施工津贴\n|C.职工教育经费|D.生产人员防暑降温费','A|B|D',NULL,NULL,NULL,2,NULL,NULL,1,0,NULL,NULL),
(716,3,3,'措施项目费为完成工程项目施工发生于该工程前和施工过程中非工程实体项目地费用。下列费用属于措施项目费的是（   ）。','A.冬雨季施工增加费|B.特殊地区施工增加费|C.劳动保护费|D.财产保险费','A|B',NULL,NULL,NULL,2,NULL,NULL,1,0,NULL,NULL),
(717,3,3,'规费指政府及有关部门规定必须缴纳的费用，下列费用项目属于规费的有（）。','A.工程干扰费|B.工程排污费|C.社会保障费|D.住房公积金','B|C|D',NULL,NULL,NULL,2,NULL,NULL,1,0,NULL,NULL),
(718,3,3,'信息通信工程现行定额执行的文本主要包括（）。','A.信息通信建设工程预算定额|B.信息通信建设工程费用定额\n|C.信息通信建设工程概预算编制规程|D.信息通信建设工程工期定额','A|B',NULL,NULL,NULL,3,NULL,NULL,1,0,NULL,NULL),
(719,3,3,'公开招标与邀请招标的主要区别是（）','A.招标信息的发布的媒体不同|B.招标信息的发布的方式不同\n|C.招标邀请的对象不同|D.招标文件的编制不同','B|C',NULL,NULL,NULL,5,NULL,NULL,1,0,NULL,NULL),
(720,3,3,'实行工程量清单计价对施工企业的好处有（   ）','A.有利于提高工程计价效率，真正实现快速报价|B.避免了传统计价方式中招标人与投标人在工程量计算上的重复工作|C.体现施工企业在技术装备水平管理水平和劳动生产率|D.有利于施工企业公平竞争','A|B|D',NULL,NULL,NULL,6,NULL,NULL,1,0,NULL,NULL),
(721,3,3,'我国现行价款结算方式有（）','A.按月结算|B.竣工后一次结算|C.分段结算|D.目标结款方式','A|B|C|D',NULL,NULL,NULL,7,NULL,NULL,1,0,NULL,NULL),
(722,4,1,'基本建设的最终成果一般表现为固定资产的增加。同时，所有新增加固定资产的经济活动都称为基本建设。',NULL,'0',NULL,NULL,NULL,1,NULL,NULL,1,0,NULL,NULL),
(723,4,1,'建设项目按建设性质分为：筹建项目、施工项目、投产项目、收尾项目，停缓建项目等。',NULL,'0',NULL,NULL,NULL,1,NULL,NULL,1,0,NULL,NULL),
(724,4,1,'信息通信工程建设项目的单项工程一般是按不同技术专业或不同的通信系统进行划分的。',NULL,'1',NULL,NULL,NULL,1,NULL,NULL,1,0,NULL,NULL),
(725,4,1,'初步设计和总概算报主管部门批准后，设计部门方可进行施工图阶段设计。',NULL,'1',NULL,NULL,NULL,1,NULL,NULL,1,0,NULL,NULL),
(726,4,1,'工程造价是通过一次预估确定下来的。对工程造价的预估过程就是对造价的控制过程。',NULL,'0',NULL,NULL,NULL,1,NULL,NULL,1,0,NULL,NULL),
(727,4,1,'控制建设工程造价不仅仅是控制建设工程本身的成本，还应同时考虑工期成本、质量成本、安全与环境成本的控制，从而实现工程造价、工期、质量、安全、环境的集成管理。',NULL,'1',NULL,NULL,NULL,1,NULL,NULL,1,0,NULL,NULL),
(728,4,1,'通信工程项目费用编审人员，主要从事建设前期的概预算编制审核工作。',NULL,'0',NULL,NULL,NULL,1,NULL,NULL,1,0,NULL,NULL),
(729,4,1,'国家大力推行的“营改增”这一税制改革涉及的两个主要税种：增值税和营业税，都是流转税。',NULL,'1',NULL,NULL,NULL,1,NULL,NULL,1,0,NULL,NULL),
(730,4,1,'建设项目的固定资产投资也就是建设项目的工程造价，其中建筑安装工程投资也就是建筑安装工程造价。',NULL,'1',NULL,NULL,NULL,2,NULL,NULL,1,0,NULL,NULL),
(731,4,1,'建设单位自身进行项目筹建和项目管理所花费费用，不属于工程造价包含的内容。',NULL,'0',NULL,NULL,NULL,2,NULL,NULL,1,0,NULL,NULL),
(732,4,1,'国产设备原价是指设备制造厂的交货价，即施工现场出库价，或订货合同价。',NULL,'0',NULL,NULL,NULL,2,NULL,NULL,1,0,NULL,NULL),
(733,4,1,'在海拔2000米以上的化工区安装电信设备时，特殊地区施工增加费应按规定标准两倍计取。',NULL,'0',NULL,NULL,NULL,2,NULL,NULL,1,0,NULL,NULL),
(734,4,1,'甲方供材和乙方供材的材料费统一计入建筑安装工程费中按11％计算销项税额。',NULL,'0',NULL,NULL,NULL,2,NULL,NULL,1,0,NULL,NULL),
(735,4,1,'生产准备及开办费是为保证项目正常生产而发生的人员培训费、提前进场费以及投产初期必备的生产生活用具购置的费用。该项费用不计入单项工程总费用中。',NULL,'0',NULL,NULL,NULL,2,NULL,NULL,1,0,NULL,NULL),
(736,4,1,'“预算定额”适用于新建、扩建工程，改建工程可参照使用，用于扩建工程时，其人工工日按乘以系数1.1计取。',NULL,'0',NULL,NULL,NULL,3,NULL,NULL,1,0,NULL,NULL),
(737,4,1,'现行通信建设工程预算定额的编制需贯彻执行“技普分开”的原则，通信工程均分别计取技工工日、普工工日。',NULL,'0',NULL,NULL,NULL,3,NULL,NULL,1,0,NULL,NULL),
(738,4,1,'若建设项目实际投资数额超过了总概算，那么必须在原设计单位和建设单位共同提出追加投资得申请报告基础上，经上级计划部门审核批准后，方能追加投资。',NULL,'1',NULL,NULL,NULL,4,NULL,NULL,1,0,NULL,NULL),
(739,4,1,'单项工程预算可以是一个独立的预算也可由该单项工程中包含的所有单位工程预算汇总而成。',NULL,'1',NULL,NULL,NULL,4,NULL,NULL,1,0,NULL,NULL),
(740,4,1,'专业人员阅读图纸、统计工程量的过程就称为识图。',NULL,'1',NULL,NULL,NULL,4,NULL,NULL,1,0,NULL,NULL),
(741,4,1,'是否编制招标、投标文件，是区别招投标与其他采购方式的最主要特征之一。',NULL,'1',NULL,NULL,NULL,5,NULL,NULL,1,0,NULL,NULL),
(742,4,1,'通信建设工程勘察、设计、监理等服务采购，单项合同估算价在100万元人民币以下的，可以不用招标。',NULL,'0',NULL,NULL,NULL,5,NULL,NULL,1,0,NULL,NULL),
(743,4,1,'使用综合评估法能最大限度地消除评标过程中的单位和人的影响。',NULL,'0',NULL,NULL,NULL,5,NULL,NULL,1,0,NULL,NULL),
(744,4,1,'当事人签订合同时必须写明违约责任，否则主管机关不予登记、公证机构不予公证。',NULL,'1',NULL,NULL,NULL,5,NULL,NULL,1,0,NULL,NULL),
(745,4,1,'在固定总价合同中，承包商承担了全部的工作量和价格的风险。',NULL,'1',NULL,NULL,NULL,5,NULL,NULL,1,0,NULL,NULL),
(746,4,1,'对于一个建设工程项目而言，究竟采用何种合同形式是固定不变的。',NULL,'0',NULL,NULL,NULL,5,NULL,NULL,1,0,NULL,NULL),
(747,4,1,'招标人在编制工程量清单时必须做到统一项目编码、统一项目名称、统一项目特征、统一计量单位、统一工程量计算规则等。',NULL,'1',NULL,NULL,NULL,6,NULL,NULL,1,0,NULL,NULL),
(748,4,1,'综合单价是完成一个规定计量单位的分部分项工程量清单项目或措施清单项目所需的人工费、材料费、机械使用费、仪表使用费、规费、企业管理费、利润，以及一定范围内的风险费用。',NULL,'0',NULL,NULL,NULL,6,NULL,NULL,1,0,NULL,NULL),
(749,4,1,'招标工程量清单是工程量计价的基础，应作为编制招标控制价、投标报价、计算工程量、支付工程款、调整合同价款、办理竣工结算以及工程索赔等的依据之一。',NULL,'1',NULL,NULL,NULL,6,NULL,NULL,1,0,NULL,NULL),
(750,4,1,'规费和税金应在工程中按国家或省级、行业建设主管部门的规定计算，可以作为竞争性费用。',NULL,'0',NULL,NULL,NULL,6,NULL,NULL,1,0,NULL,NULL),
(751,4,1,'审查概算或预算首先要熟悉图纸，因为图纸是审查概算、预算各项工程量的依据。',NULL,'0',NULL,NULL,NULL,8,NULL,NULL,1,0,NULL,NULL),
(752,4,1,'基本建设是指在国民经济中以增加工程效益为目的的综合经济活动。',NULL,'0',NULL,NULL,NULL,1,NULL,NULL,1,0,NULL,NULL),
(753,4,1,'按建设项目建设过程不同阶段分类，筹建项目是在本计划年度内正在做准备，即将开工的项目',NULL,'0',NULL,NULL,NULL,1,NULL,NULL,1,0,NULL,NULL),
(754,4,1,'基本建设程序是对基本建设项目从设计、施工到建成投产所经历的整个过程的各项工作开展先后顺序的规定。',NULL,'0',NULL,NULL,NULL,1,NULL,NULL,1,0,NULL,NULL),
(755,4,1,'施工准备应由施工单位按照建设单位的要求，根据建设项目或单项工程的技术特点来完成。',NULL,'0',NULL,NULL,NULL,1,NULL,NULL,1,0,NULL,NULL),
(756,4,1,'投资概算是指在项目建议书或可行性研究阶段，对拟建项目通过编制预算文件确定的项目投资总额，或称概算造价。',NULL,'0',NULL,NULL,NULL,1,NULL,NULL,1,0,NULL,NULL),
(757,4,1,'工程造价的计价是工程造价控制的基础和载体，没有造价的计价就没有造价的控制。',NULL,'1',NULL,NULL,NULL,1,NULL,NULL,1,0,NULL,NULL),
(758,4,1,'在信息通信工程建设中，要求无论工程投资方和工程承包建设方，或者从事与工程造价有关的咨询机构，必须具有相应数量的项目费用编审人员。',NULL,'1',NULL,NULL,NULL,1,NULL,NULL,1,0,NULL,NULL),
(759,4,1,'从计税原理上说，增值税是对商品生产、流通、劳务服务中多个环节的新增价值或商品的附加值征收的一种流转税，实行价内税。',NULL,'0',NULL,NULL,NULL,1,NULL,NULL,1,0,NULL,NULL),
(760,4,1,'静态投资和动态投资内容有所区别，但二者有密切联系。静态投资包含动态投资，动态投资是静态投资最主要的组成部分。',NULL,'0',NULL,NULL,NULL,2,NULL,NULL,1,0,NULL,NULL),
(761,4,1,'工信部规【2016】451号文发布的《信息通信建设工程费用定额》规定通信建设工程总费用由各信息通信建设项目单位工程总费用构成。',NULL,'0',NULL,NULL,NULL,2,NULL,NULL,1,0,NULL,NULL),
(762,4,1,'在工程施工中，接送施工人员车辆的过路过桥费、折旧费、燃料费等属于机械使用费。',NULL,'0',NULL,NULL,NULL,2,NULL,NULL,1,0,NULL,NULL),
(763,4,1,'夜间施工增加费不考虑施工时段按定额费率常年计取，包干使用。',NULL,'0',NULL,NULL,NULL,2,NULL,NULL,1,0,NULL,NULL),
(764,4,1,'材料的预算价格是指材料的供应价或供货地点价。',NULL,'0',NULL,NULL,NULL,2,NULL,NULL,1,0,NULL,NULL),
(765,4,1,'工程建设其他费用是指从整个建设期间，除建筑安装工程费用以外的，为保证工程建设顺利完成，正常发挥效用而发生的各项费用。',NULL,'0',NULL,NULL,NULL,2,NULL,NULL,1,0,NULL,NULL),
(766,4,1,'建设工程定额反映了工程建设投入与产出的关系，一般只规定的数量标准。',NULL,'0',NULL,NULL,NULL,3,NULL,NULL,1,0,NULL,NULL),
(767,4,1,'按照定额的编制程序和用途分类，可以把建设工程定额分为施工定额、预算定额、投资估算指标、概算定额和工期定额五种。',NULL,'1',NULL,NULL,NULL,3,NULL,NULL,1,0,NULL,NULL),
(768,4,1,'在现行通信建设工程预算定额中，每册均由总说明、册说明、章节说明、定额项目表和附录构成。',NULL,'0',NULL,NULL,NULL,3,NULL,NULL,1,0,NULL,NULL),
(769,4,1,'工程采用二阶段设计时，编制施工图预算，但施工图预算应反映全部费用内容，即除工程费和工程建设其他费之外，还应计列预备费、建设期利息等费用。',NULL,'0',NULL,NULL,NULL,4,NULL,NULL,1,0,NULL,NULL),
(770,4,1,'表四甲用于主要材料表时，应将主要材料分类汇总计算出原价小计，再以小计为基数计取各种采购、运输及保险等手续费。',NULL,'1',NULL,NULL,NULL,4,NULL,NULL,1,0,NULL,NULL),
(771,4,1,'建设工程项目的招标是指招标人在工程项目发包之后制定招标文件，公开招引或邀请招引投标人。',NULL,'0',NULL,NULL,NULL,5,NULL,NULL,1,0,NULL,NULL),
(772,4,1,'涉及国家安全、国家秘密、抢险救灾的项目，按照国家有关规定可以不进行招标。',NULL,'0',NULL,NULL,NULL,5,NULL,NULL,1,0,NULL,NULL),
(773,4,1,'在开标后，招标人可以根据投标书经启封后的相关情况，调整完善评标和定标的办法。',NULL,'0',NULL,NULL,NULL,5,NULL,NULL,1,0,NULL,NULL),
(774,4,1,'工程招标时的设计深度是否达到施工图设计的深度，是影响固定总价合同的适用条件之一。',NULL,'1',NULL,NULL,NULL,5,NULL,NULL,1,0,NULL,NULL),
(775,4,1,'单价合同的工程量清单内所开列的工程量为准确工程量，而非估计工程量。',NULL,'0',NULL,NULL,NULL,5,NULL,NULL,1,0,NULL,NULL),
(776,4,1,'工程量清单计价模式的操作过程一般分为两个阶段：编制招标控制价和编制投标报价。',NULL,'0',NULL,NULL,NULL,6,NULL,NULL,1,0,NULL,NULL),
(777,4,1,'采用工程量清单方式招标，招标工程量清单必须作为招标文件的组成部分，其准确性和完整性由投标人负责。',NULL,'0',NULL,NULL,NULL,6,NULL,NULL,1,0,NULL,NULL),
(778,4,1,'招标人在编制工程量清单时必须做到统一项目编码、统一项目名称、统一项目特征、统一计量单位、统一工程量计算规则。',NULL,'1',NULL,NULL,NULL,6,NULL,NULL,1,0,NULL,NULL),
(779,4,1,'投标人编制投标报价可以根据各相应清单明细优惠的基础上再次进行总价优惠。',NULL,'0',NULL,NULL,NULL,6,NULL,NULL,1,0,NULL,NULL),
(780,4,1,'在工程竣工前，承包人收取的工程预付款和进度款的总额一般不超过合同总额的95%，其余5%尾款在工程竣工结算时除保修金外一并清算。',NULL,'0',NULL,NULL,NULL,7,NULL,NULL,1,0,NULL,NULL),
(781,4,1,'在审核施工图预算时，发现设计图纸有错漏或相互间有矛盾，应及时向设计人员提出修正意见，予以更正，经过审核、修正后的设计图才能作为计算工程量的依据。',NULL,'1',NULL,NULL,NULL,8,NULL,NULL,1,0,NULL,NULL),
(782,4,1,'基本建设是一种宏观的经济活动，它是横跨于国民经济多个部门，包括生产、分配、流通各个环节的物质生产活动。',NULL,'0',NULL,NULL,NULL,1,NULL,NULL,1,0,NULL,NULL),
(783,4,1,'按建设项目建设性质分类，改建项目是指用各种专项拨款和企业基金进行的挖潜、革新、改造的项目。',NULL,'0',NULL,NULL,NULL,1,NULL,NULL,1,0,NULL,NULL),
(784,4,1,'可行性研究报告是要求建设某一具体项目的建设文件，是基本建设程序中最初阶段的工作，是投资决策前对拟建项目的轮廓设想。',NULL,'0',NULL,NULL,NULL,1,NULL,NULL,1,0,NULL,NULL),
(785,4,1,'项目后评价是固定资产投资管理的最后一个环节。',NULL,'1',NULL,NULL,NULL,1,NULL,NULL,1,0,NULL,NULL),
(786,4,1,'从投资者的角度来定义，建设项目工程造价是指建设项目的建设成本，即建设项目预期开支或实际开资的全部费用。',NULL,'1',NULL,NULL,NULL,1,NULL,NULL,1,0,NULL,NULL),
(787,4,1,'工程造价管理是为了实现一定的预期目标，在拟定的规划、设计方案的条件下，预测、计算、确定和监控工程造价及其变动的系统活动。',NULL,'1',NULL,NULL,NULL,1,NULL,NULL,1,0,NULL,NULL),
(788,4,1,'工程造价的计价与控制造价两者相互依存、相互制约、相辅相成，但最终目标是不同的。',NULL,'0',NULL,NULL,NULL,1,NULL,NULL,1,0,NULL,NULL),
(789,4,1,'中国通信企业协会对信息通信工程项目费用编审人员要求近2年内参与过2项以上（含2项）信息通信建设工程项目。',NULL,'1',NULL,NULL,NULL,1,NULL,NULL,1,0,NULL,NULL),
(790,4,1,'一般纳税人和小规模纳税人在对企业会计核算的要求、增值税发票的获取和开具、税额的抵扣等方面要求基本相同，仅是税率有着不同的规定。',NULL,'0',NULL,NULL,NULL,1,NULL,NULL,1,0,NULL,NULL),
(791,4,1,'工程造价的构成是按工程项目建设工程中各类费用支出或花费的性质、途径等来确定的。',NULL,'1',NULL,NULL,NULL,2,NULL,NULL,1,0,NULL,NULL),
(792,4,1,'采购代理服务费是指建设单位物采部门，在采购中发生的管理服务的费用。采购代理服务费根据工程项目实际情况按实计列。',NULL,'0',NULL,NULL,NULL,2,NULL,NULL,1,0,NULL,NULL),
(793,4,1,'施工现场与企业的距离在35km以内时，不计取施工队伍调遣费。',NULL,'1',NULL,NULL,NULL,2,NULL,NULL,1,0,NULL,NULL),
(794,4,1,'工程车辆使用费包括布放光缆的汽车使用费、大修理费和经常修理费。',NULL,'0',NULL,NULL,NULL,2,NULL,NULL,1,0,NULL,NULL),
(795,4,1,'在建安工程费中，城市维护建设税、教育费附加税计入在企业管理费中。',NULL,'1',NULL,NULL,NULL,2,NULL,NULL,1,0,NULL,NULL),
(796,4,1,'材料的供货方式和供货渠道一般有业主供货和承包商供货两种方式。',NULL,'1',NULL,NULL,NULL,2,NULL,NULL,1,0,NULL,NULL),
(797,4,1,'定额是编制投资估算、设计概算、施工图预算及招标控制价的重要依据。',NULL,'1',NULL,NULL,NULL,3,NULL,NULL,1,0,NULL,NULL),
(798,4,1,'预算定额比概算定额准确性高，它是在概算定额基础上进一步细化编制出来的。',NULL,'0',NULL,NULL,NULL,3,NULL,NULL,1,0,NULL,NULL),
(799,4,1,'通信线路工程和通信管道工程，当工程规模较小时，人工工日以总工日为基数按相关规定系数进行调整。',NULL,'1',NULL,NULL,NULL,3,NULL,NULL,1,0,NULL,NULL),
(800,4,1,'单项工程预算由该单项工程中包含的所有单位工程预算汇总而成时，工程建设其他费应以单项工程作为计取单位。',NULL,'1',NULL,NULL,NULL,4,NULL,NULL,1,0,NULL,NULL),
(801,4,1,'建设项目招投标制是在市场经济条件下产生的，意在鼓励竞争，防止垄断。',NULL,'1',NULL,NULL,NULL,5,NULL,NULL,1,0,NULL,NULL),
(802,4,1,'开标应当在招标文件确定的提交投标文件截止时间的同一时间公开进行；开标地点应当为招标文件中确定的地点。',NULL,'1',NULL,NULL,NULL,5,NULL,NULL,1,0,NULL,NULL),
(803,4,1,'招标人根据招标项目特点和需要编制招标公告，它是投标人编制投标文件和报价的依据。',NULL,'0',NULL,NULL,NULL,5,NULL,NULL,1,0,NULL,NULL),
(804,4,1,'对格式条款有两种以上解释的，应当作出有利于提供格式条款合同一方的解释。',NULL,'0',NULL,NULL,NULL,5,NULL,NULL,1,0,NULL,NULL),
(805,4,1,'在单价合同中，当总价和单价的计算结果不一致时，以总价为准调整。',NULL,'0',NULL,NULL,NULL,5,NULL,NULL,1,0,NULL,NULL),
(806,4,1,'工程量清单计价文件是招标文件的组成部分，应提供给投标人。',NULL,'0',NULL,NULL,NULL,6,NULL,NULL,1,0,NULL,NULL),
(807,4,1,'采用工程量清单招标评标时一般采用合理低价中标法，既要对总价评分，又要对综合单价进行分析评分。',NULL,'0',NULL,NULL,NULL,7,NULL,NULL,1,0,NULL,NULL),
(808,4,1,'工程价款结算应按合同约定办理，合同未作约定或约定不明的，应以承包人的要求为准进行价款结算。',NULL,'0',NULL,NULL,NULL,7,NULL,NULL,1,0,NULL,NULL),
(809,4,1,'信息通信建设工程包工包料工程的预付款的支付比例不得低于签约合同价（扣除暂列金额）的15%，不宜高于签约合同价（扣除暂列金额）的40%。',NULL,'0',NULL,NULL,NULL,7,NULL,NULL,1,0,NULL,NULL),
(810,4,1,'计算工程量时要遵循一定的计算顺序，依次进行计算，可以尽量避免发生漏算或重算。',NULL,'1',NULL,NULL,NULL,8,NULL,NULL,1,0,NULL,NULL),
(811,4,1,'在对施工图预算审核时，施工现场的具体情况可以不作为工程量计算的审核依据。',NULL,'0',NULL,NULL,NULL,8,NULL,NULL,1,0,NULL,NULL),
(812,4,1,'基本建设的最终成果一般表现为固定资产的增加。',NULL,'1',NULL,NULL,NULL,1,NULL,NULL,1,0,NULL,NULL),
(813,4,1,'建设项目按建设性质分为：筹建项目、施工项目、投产项目、收尾项目，停缓建项目等。',NULL,'0',NULL,NULL,NULL,1,NULL,NULL,1,0,NULL,NULL),
(814,4,1,'建设项目一般是由多个部分组成的复杂综合体，分部工程是它最小组成单元。',NULL,'0',NULL,NULL,NULL,1,NULL,NULL,1,0,NULL,NULL),
(815,4,1,'基本建设程序是对基本建设项目从设计、施工到建成投产所经历的整个过程中的各项工作开展先后顺序的规定。',NULL,'0',NULL,NULL,NULL,1,NULL,NULL,1,0,NULL,NULL),
(816,4,1,'初步验收应在完成施工调测之后，在原定计划建设工期之外进行。',NULL,'0',NULL,NULL,NULL,1,NULL,NULL,1,0,NULL,NULL),
(817,4,1,'从投资者的角度来定义，建设项目工程造价是指建设项目的建设成本，即建设项目预期开支或实际开资的全部费用。',NULL,'1',NULL,NULL,NULL,1,NULL,NULL,1,0,NULL,NULL),
(818,4,1,'修正概算是对初步设计概算进行修正调整，它比概算造价准确，但受概算造价控制。',NULL,'1',NULL,NULL,NULL,1,NULL,NULL,1,0,NULL,NULL),
(819,4,1,'有效控制工程造价，是把建设工程造价控制在批准的造价限额左右，随时纠正发生的偏差，以保证项目投资控制目标的实现。',NULL,'0',NULL,NULL,NULL,1,NULL,NULL,1,0,NULL,NULL),
(820,4,1,'中国通信企业协会对信息通信工程项目费用编审人员要求具有初级以上职称或者同等专业水平，有1年以上从事信息通信工程建设的工作经历。',NULL,'0',NULL,NULL,NULL,1,NULL,NULL,1,0,NULL,NULL),
(821,4,1,'只就货物或劳务销售额中的增值部分征税，避免了征收重复性，这是增值税最本质特征。',NULL,'1',NULL,NULL,NULL,1,NULL,NULL,1,0,NULL,NULL),
(822,4,1,'所有建设项目总投资包括固定资产投资和包含铺底流动资金在内的流动资产投资两部分。',NULL,'0',NULL,NULL,NULL,2,NULL,NULL,1,0,NULL,NULL),
(823,4,1,'建设单位自身进行项目筹建和项目管理所花费费用，不属于工程造价包含的内容。',NULL,'0',NULL,NULL,NULL,2,NULL,NULL,1,0,NULL,NULL),
(824,4,1,'辅助材料费是指购置对施工生产起辅助作用材料的费用,其计算是以主要材料费为计费基础的。',NULL,'1',NULL,NULL,NULL,2,NULL,NULL,1,0,NULL,NULL),
(825,4,1,'工程施工期间不在冬季也不在雨季,所以不应该计列冬雨季施工增加费。',NULL,'0',NULL,NULL,NULL,2,NULL,NULL,1,0,NULL,NULL),
(826,4,1,'在建安工程费中,城市维护建设税、教育费附加税计入在企业管理费中。',NULL,'1',NULL,NULL,NULL,2,NULL,NULL,1,0,NULL,NULL),
(827,4,1,'定额是在一定的生产技术和劳动组织条件下,完成单位合格产品在人力、物力、财力的利用和消耗方面应当遵守的标准。',NULL,'1',NULL,NULL,NULL,3,NULL,NULL,1,0,NULL,NULL),
(828,4,1,'概算定额的内容和作用的与预算定额相似,但项目划分较粗,没有预算定额的准确性高。',NULL,'1',NULL,NULL,NULL,3,NULL,NULL,1,0,NULL,NULL),
(829,4,1,'预算定额子目中的主要材料消耗量是主要材料消耗定额的净用量。',NULL,'0',NULL,NULL,NULL,3,NULL,NULL,1,0,NULL,NULL),
(830,4,1,'工程采用三阶段设计时，初步设计阶段编制设计概算,技术设计阶段编制修正预算。',NULL,'0',NULL,NULL,NULL,4,NULL,NULL,1,0,NULL,NULL),
(831,4,1,'公开招标相对邀请招标,参加投标的承包商数量少,因而招标时间相对较短,招标费用也较少。',NULL,'0',NULL,NULL,NULL,5,NULL,NULL,1,0,NULL,NULL),
(832,4,1,'在开标后,招标人可以根据投标书启封的相关情况,调整完善评标和定标的办法。',NULL,'0',NULL,NULL,NULL,5,NULL,NULL,1,0,NULL,NULL),
(833,4,1,'狭义的合同是指债权合同,即两个以上的民事主体之间设立、变更、终止债权债务关系的协议。',NULL,'1',NULL,NULL,NULL,5,NULL,NULL,1,0,NULL,NULL),
(834,4,1,'在固定总价合同中，承包商承担了全部的工作量和价格的风险。',NULL,'1',NULL,NULL,NULL,5,NULL,NULL,1,0,NULL,NULL),
(835,4,1,'当事人订立合同，必须采用书面形式。口头形式和其他形式不被法律保护。',NULL,'0',NULL,NULL,NULL,5,NULL,NULL,1,0,NULL,NULL),
(836,4,1,'工程量清单计价文件是设计文件的组成部分,应提供给投标人。',NULL,'0',NULL,NULL,NULL,6,NULL,NULL,1,0,NULL,NULL),
(837,4,1,'投标人在投标时可以根据招标文件中所规定的工程量清单计价方法结合自己企业情况按工程量计算规则确定综合单价。',NULL,'0',NULL,NULL,NULL,6,NULL,NULL,1,0,NULL,NULL),
(838,4,1,'合同工程发生现场签证事项，未经发包人书面签证确认，承包人便擅自施工发生的费用由承包人承担。',NULL,'0',NULL,NULL,NULL,7,NULL,NULL,1,0,NULL,NULL),
(839,4,1,'单项工程竣工结算或建设项目竣工总结算由承包人编制,发包人可直接进行审查,也可以委托具有相应资质的工程造价咨询机构进行审查。',NULL,'1',NULL,NULL,NULL,8,NULL,NULL,1,0,NULL,NULL),
(840,4,1,'定额套用是否正确的审核是工程造价是审核的基础性工作，十分繁琐、复杂。',NULL,'0',NULL,NULL,NULL,8,NULL,NULL,1,0,NULL,NULL),
(841,4,1,'工程定额具有科学性、权威性、法令性，它的形式和内容,计算单位和数量标准,任何人使用都必须全面执行。',NULL,'0',NULL,NULL,NULL,3,NULL,NULL,1,0,NULL,NULL),
(842,4,2,'以下选项，不是一个建设项目应该具有的特点的是（   ）','A.按照一个总体设计进行建设|B.经济上与投资主体在建的所有建设项目实行统一核算，行政上统一管理|C.由一个或若干个具有内在联系的工程所组成的总体|D.建成后具有完整的系统，可以独立地形成生产能力','B',NULL,NULL,NULL,1,NULL,NULL,1,0,NULL,NULL),
(843,4,2,'（   ）一般是可以用较为简单的施工过程就能完成，以适当的计量单位就可以计算出工程量和资源消耗数量，并能方便的计算出其单价。','A.单项工程|B.单位工程|C.分部工程|D.分项工程','D',NULL,NULL,NULL,1,NULL,NULL,1,0,NULL,NULL),
(844,4,2,'某信息通信建设单项工程为综合布线工程，该单项工程依据信息通信建设工程的专业划分规则，其专业类别应该是（   ）','A.有线通信设备安装工程|B.无线通信设备安装工程|C.通信线路工程|D.通信管道工程','C',NULL,NULL,NULL,1,NULL,NULL,1,0,NULL,NULL),
(845,4,2,'通信工程建设项目的试运转期一般为（   ）','A.一个月|B.45个工作日|C.三个月|D.六个月','C',NULL,NULL,NULL,1,NULL,NULL,1,0,NULL,NULL),
(846,4,2,'由于建设工程项目周期长、规模大、造价高、分段实施的特点，直接导致了工程造价计价的（   ）','A.单件性特征|B.组合性特征|C.多次性特征|D.计价依据复杂性特征','C',NULL,NULL,NULL,1,NULL,NULL,1,0,NULL,NULL),
(847,4,2,'纳税人购进货物或应税服务，支付或者负担的增值税税额，称为（   ）。','A.销项税额|B.进项税额|C.应纳税额|D.实纳税额','B',NULL,NULL,NULL,1,NULL,NULL,1,0,NULL,NULL),
(848,4,2,'工信部规【2016】451号文发布的《信息通信建设工程费用定额》规定通信建设工程总费用由各通信建设项目（   ）总费用构成。','A.分项工程|B.分部工程|C.单位工程| D.单项工程','D',NULL,NULL,NULL,2,NULL,NULL,1,0,NULL,NULL),
(849,4,2,'以下费用，不能被包含在进口设备到岸价（CIF价）中的一项是（   ）','A.货价（FOB）|B.外贸手续费|C.国际运费|D.国际运输保险费','B',NULL,NULL,NULL,2,NULL,NULL,1,0,NULL,NULL),
(850,4,2,'材料运杂费指材料自来源地运至（   ）所发生的费用。','A.工地|B.工地仓库|C.施工企业仓库|D.建设单位仓库','B',NULL,NULL,NULL,2,NULL,NULL,1,0,NULL,NULL),
(851,4,2,'对于施工中使用的机械和仪表，在规定的使用年限内，陆续收回其原价值及购置资金的时间价值的费用称为（   ）。','A.大修理费|B.经常修理费|C.折旧费|D.年检费','C',NULL,NULL,NULL,2,NULL,NULL,1,0,NULL,NULL),
(852,4,2,'措施项目费指为完成工程项目施工，发生该工程前和施工过程中非工程实项目的费用。下列不属于措施项目费的是（   ）。','A.生产工具用具使用费|B.冬雨季施工增加费\n|C.勘察设计费|D.施工队伍调遣费\n','C',NULL,NULL,NULL,2,NULL,NULL,1,0,NULL,NULL),
(853,4,2,'信息通信工程由于受市政管理、交通管制、人流密集、输配电设施等影响工效的补偿费用称为工程干扰费。干扰因素一般发生在干扰地区。以下选项不属于干扰地区的是（   ）。','A.规划部门规划内的城区|B.高速公路隔离带|C.化工污染区|D.铁路路基边缘\n','C',NULL,NULL,NULL,2,NULL,NULL,1,0,NULL,NULL),
(854,4,2,'依据《信息通信建设工程费用定额》规定，通信建设工程采用统一单价方式，取定的人工技工工日单价为（   ）。','A.48元/工日|B.24元/工日|C.114元/工日|D.109元/工日','C',NULL,NULL,NULL,2,NULL,NULL,1,0,NULL,NULL),
(855,4,2,'某通信建设单项工程中，预备费5万元，工程建设其他费10万元，建筑安装工程费80万元，需要安装的设备购置费20万元，直接工程费40万元，则其安全生产费是（   ）万元。','A.1.425|B.1.2|C.1.35|D.0.8','B',NULL,NULL,NULL,2,NULL,NULL,1,0,NULL,NULL),
(856,4,2,'填写信息通信工程概、预算表，正确的顺序是（   ）。','A.表三甲乙丙、表四、表五、表二、表一|B.表三甲乙丙、表四、表二、表五、表一|C.表四、表五、表三甲乙丙、表二、表一|D.表五、表四、表三甲乙丙、表二、表一','B',NULL,NULL,NULL,4,NULL,NULL,1,0,NULL,NULL),
(857,4,2,'以下选择，不是招标投标所具有的特点的是（   ）。','A.程序规范|B.全方位开放，透明度高|C.公平、客观|D.交易双方自愿成交','D',NULL,NULL,NULL,5,NULL,NULL,1,0,NULL,NULL),
(858,4,2,'与邀请招标相比，公开招标程序仅是在招标准备阶段多了（   ）和进行资格预审的内容。','A.发布招标公告|B.组织现场踏勘|C.申请招标|D.编写招标文件','A',NULL,NULL,NULL,5,NULL,NULL,1,0,NULL,NULL),
(859,4,2,'由于（   ）允许随工程量变化而调整工程总价，业主和承包商都不存在工程量方面的风险，因此对合同双方都比较公平。','A.总包合同|B.单价合同|C.总价合同|D.成本加酬金合同','B',NULL,NULL,NULL,5,NULL,NULL,1,0,NULL,NULL),
(860,4,2,'以下选项，不是通信建设工程量清单组成部分的是（   ）。','\nA.分部分项清单|B.建筑安装工程费清单|C.措施项目清单|D.规费项目清单','B',NULL,NULL,NULL,6,NULL,NULL,1,0,NULL,NULL),
(861,4,2,'招标投标工程，招标控制价和投标报价是招投标工作的核心，（   ）正确与否直接关系到投标的成败。','A.招标控制价|B.投标报价|C.竣工结算价|D.预算价','B',NULL,NULL,NULL,6,NULL,NULL,1,0,NULL,NULL),
(862,4,3,'1.按建设项目资金来源和渠道不同分类，建设项目可以分为（   ）。','A.生产性建设项目|B.非生产性建设项目|C.国家投资建设项目|D.自筹资金建设项目','C|D',NULL,NULL,NULL,1,NULL,NULL,1,0,NULL,NULL),
(863,4,3,'以下工作，可行性研究阶段必须完成的是（   ）。','A.项目建设规模初步设想|B.项目工程量与投资估算|C.项目国民经济评价|D.项目设备选型方案论证','B|C|D',NULL,NULL,NULL,1,NULL,NULL,1,0,NULL,NULL),
(864,4,3,'以下选项，正确描述工程造价在工程项目管理中所起作用的是（   ）。','A.项目决策的工具|B.筹集建设资金的依据|C.评价投资效果的重要指标|D.制定投资计划和控制投资的有效工具','A|B|C|D',NULL,NULL,NULL,1,NULL,NULL,1,0,NULL,NULL),
(865,4,3,'信息通信工程建设领域项目费用编审人员需要履行的岗位职责，包括（   ）。','A.负责编制或审核工程概预算|B.参加图纸会审或审核工程概预算|C.负责采购工程材料和设备|D.负责竣工工程的决算工作','A|B',NULL,NULL,NULL,1,NULL,NULL,1,0,NULL,NULL),
(866,4,3,'有关增值税税率，下列选项正确的是（   ）。','A.设备购置的增值税税率是17%|B.工程施工的一般计税方法增值税税率是11%|C.设计费增值税税率是6%|D.监理费增值税税率是6%','A|B|C|D',NULL,NULL,NULL,1,NULL,NULL,1,0,NULL,NULL),
(867,4,3,'通信工程建设项目的设备、工器具购置费中除了设备原价外的其他相关附加费包括：设备运杂费、（   ）、采购代理服务费等项费用。','A.工地搬运费|B.采购保管费|C.运输保险费|D.设备验收费','B|C',NULL,NULL,NULL,2,NULL,NULL,1,0,NULL,NULL),
(868,4,3,'可以计入直接费的工资有（   ）。','A.职工学习培训期间工资|B.职工探亲、休假期间的工资|C.因气候影响的停工工资 |D.施工机械操作人员的工资','A|B|C',NULL,NULL,NULL,2,NULL,NULL,1,0,NULL,NULL),
(869,4,3,'信息通信建设工程的基本预备费包括（   ）。','A.进行技术设计、施工图设计和施工过程中，在批准的初步设计概算范围内所增加的工程费用；|B.由一般自然灾害所造成的损失和预防自然灾害所采取的措施项目费用。|C.竣工验收为鉴定工程质量，必须开挖和修复隐蔽工程的费用|D.建设项目贷款在建设期内发生并应计入固定资产的贷款利息等财务费用','A|B|C',NULL,NULL,NULL,2,NULL,NULL,1,0,NULL,NULL),
(870,4,3,'通信线路工程的总工日为（   ），需要按预算定额的调增系数进行调整。','A.100工日以下|B.100-250工日|C.250工日以上 |D.300工日以下','A|B',NULL,NULL,NULL,3,NULL,NULL,1,0,NULL,NULL),
(871,4,3,'关于编制概预算，下列说法正确的是（   ）。','A.编制设计概算应在投资估算的范围内进行|B.对于一阶段设计所编制的施工图预算，应在投资估算的范围内进行|C.编制所有施工图预算应在批准的设计概算范围内进行|D.在两阶段设计时，编制施工图预算应在批准的设计概算范围内进行\n','A|B|D',NULL,NULL,NULL,4,NULL,NULL,1,0,NULL,NULL),
(872,4,3,'施工图预算编制的主要依据包括（   ）。','A.批准可行性研究报告\n|B.通信专业工程量计算规则\n|C.施工图、通用图、标准图及说明\n|D.建设项目所在地政府发布的有关土地征用和赔补费用等有关规定','B|C|D',NULL,NULL,NULL,4,NULL,NULL,1,0,NULL,NULL),
(873,4,3,'以下工程项目，哪些项目按照招投标法规定必须进行招投标（   ）。','A.大型基础设施、公用事业项目|B.涉及国家安全、国家秘密的工程|C.部分使用国家融资的项目|D.抢险救灾工程','A|C',NULL,NULL,NULL,5,NULL,NULL,1,0,NULL,NULL),
(874,4,3,'按计价方式不同，建设工程合同可以划分为（   ）。','A.总价合同|B.单价合同|C.总包合同|D.成本加酬金合同','A|B|D',NULL,NULL,NULL,5,NULL,NULL,1,0,NULL,NULL),
(875,4,3,'以下关于招标控制价的说法，正确的是（   ）。','A.招标人在确定最终招标控制价时应结合自身管理要求和工程实际情况对计算结果进行上下浮动调整；|B.招标控制价是招标对象的最高限价，招标人只要公布总价即可；|C.招标控制价应报送行业主管部门或招标监督机构备案；|D.投标报价不得超过招标控制价，否则废标。','C|D',NULL,NULL,NULL,6,NULL,NULL,1,0,NULL,NULL),
(876,4,3,'对于造价的审核，主要是以（  ）为重点。','A.工程量是否正确|B.定额的套用是否合理|C.费用的计取是否准确|D.预算结果是否准确','A|B|C',NULL,NULL,NULL,8,NULL,NULL,1,0,NULL,NULL),
(877,4,2,'建设项目按照不同的建设性质分类，在以下选项中不包含的项目类型是（   ）。','A.配套项目|B.新建项目|C.扩建项目|D.改造项目','A',NULL,NULL,NULL,1,NULL,NULL,1,0,NULL,NULL),
(878,4,2,'竣工后一般不能独立发挥生产能力或效益，但具有独立设计，可以独立组织施工的工程，被称为（   ）。','A.单项工程|B.单位工程|C.分部工程|D.分项工程','B',NULL,NULL,NULL,1,NULL,NULL,1,0,NULL,NULL),
(879,4,2,'某信息通信建设单项工程为视频监控设备安装工程，该单项工程依据信息通信建设工程的专业划分规则，其专业类别应该是（   ）。','A.有线通信设备安装工程|B.无线通信设备安装工程|C.通信线路工程|D.通信管道工程','A',NULL,NULL,NULL,1,NULL,NULL,1,0,NULL,NULL),
(880,4,2,'（   ）是工程建设的最后一个环节，是考核建设成果、检验设计和工程质量是否符合要求，投资使用是否合理的重要步骤。','A.初步验收|B.竣工验收|C.竣工结算|D.项目后评价','B',NULL,NULL,NULL,1,NULL,NULL,1,0,NULL,NULL),
(881,4,2,'以下选项不是工程造价在工程项目管理中所起作用的是（   ）。','A.项目决策的工具|B.筹集建设资金的依据|C.评价投资效果的重要指标|D.控制投资风险的有效手段','D',NULL,NULL,NULL,1,NULL,NULL,1,0,NULL,NULL),
(882,4,2,'年应征增值税销售额超过财政部和国家税务总局规定的小规模纳税人标准的企业和企业性单位，为（   ）。','A.小规模纳税人|B.重点纳税人|C.一般纳税人|D.特殊纳税人','C',NULL,NULL,NULL,1,NULL,NULL,1,0,NULL,NULL),
(883,4,2,'信息通信工程建设项目设备、工器具购置费用，用于购置必须将其整体或几个部位装配起来，安装在基础或建筑物支架上才能使用的设备的费用称为（   ）。','A.固定设备费|B.需要安装设备费|C.固定资产购置费|D.静态设备费','B',NULL,NULL,NULL,2,NULL,NULL,1,0,NULL,NULL),
(884,4,2,'在通信建设工程中,下列费用不属于机械使用费的是（   ）。','A.折旧费|B.大型施工机械调遣费|C.经常修理费|D.燃料动力费','B',NULL,NULL,NULL,2,NULL,NULL,1,0,NULL,NULL),
(885,4,2,'施工现场为达到环保要求及文明施工所需要的各项费用，称为（   ）。','A.工程干扰费|B.工程排污费|C.环境保护费|D.文明施工费','D',NULL,NULL,NULL,2,NULL,NULL,1,0,NULL,NULL),
(886,4,2,'临时设施依据施工现场与企业的距离划分为两档，划分的界限是（   ）。','A.35公里|B.45公里\n|C.26公里|D.100公里','A',NULL,NULL,NULL,2,NULL,NULL,1,0,NULL,NULL),
(887,4,2,'下列工程可以计列已完工程保护费是（   ）。','A.有线通信安装工程\n|B.电源设备安装工程\n|C.无线通信安装工程（室内部分）|D.有线通信安装工程（室外部分）\n','D',NULL,NULL,NULL,2,NULL,NULL,1,0,NULL,NULL),
(888,4,2,'基础单价，也称为要素价格。以下单价不属于基础单价的是（   ）。','A.设备单价|B.人工单价|C.材料单价|D.机械台班单价','A',NULL,NULL,NULL,2,NULL,NULL,1,0,NULL,NULL),
(889,4,2,'安全生产费是指施工企业按照国家有关规定，购置施工防护用具、落实安全施工措施以及改善安全生产条件所需要的各项费用。其计算公式是（   ）。','A.安全生产费=直接工程费*1.5%\n|B.安全生产费=人工费*1.0%\n|C.安全生产费=建筑安装工程费*1.0%\n|D.安全生产费=建筑安装工程费*1.5%','D',NULL,NULL,NULL,2,NULL,NULL,1,0,NULL,NULL),
(890,4,2,'某施工企业距施工现场280公里，技工500工日，普工600工日，该施工队伍调遣费是（   ）。','A.0元|B.1410元\n|C.2400元|D.4800元\n','C',NULL,NULL,NULL,2,NULL,NULL,1,0,NULL,NULL),
(891,4,2,'工程计价的顺序为（   ）。','A.单位工程造价-分部分项工程单价-单项工程造价-建设项目总造价|B.分部分项工程单价-单位工程造价-单项工程造价-建设项目总造价|C.单项工程造价-分部分项工程单价-单位工程造价-建设项目总造价|D.单位工程造价-单项工程造价-分部分项工程单价-建设项目总造价\n','B',NULL,NULL,NULL,4,NULL,NULL,1,0,NULL,NULL),
(892,4,2,'对建设项目从项目建议书开始,包括可行性研究、勘察设计、设备材料询价与采购、工程施工、生产准备、投料试车，直至竣工投产、交付使用全面实行招标，称为（   ）。','A.工程勘察设计招投|B.建设项目总承包招投标|C.工程施工招投标|D.监理招投标','B',NULL,NULL,NULL,5,NULL,NULL,1,0,NULL,NULL),
(893,4,2,'对于工程难度较大、技术复杂的工程项目，在进行工程招标时，适合采用的评标方法是（   ）。','A.最低投标价法|B.经评审的最低投标价法\n|C.综合评估最低投标价法|D.综合评估法','D',NULL,NULL,NULL,5,NULL,NULL,1,0,NULL,NULL),
(894,4,2,'下列选项，不是总价合同的特点的是（   ）。','A.业主可以根据自身力量和需要,较深入的介入和控制工程施工和管理|B.业主的风险较小，承包人将承担较多的风险|C.评标时易于迅速确定最低报价的投标人|D.在施工进度上能极大地调动承包人的积极性','A',NULL,NULL,NULL,5,NULL,NULL,1,0,NULL,NULL),
(895,4,2,'通信建设工程工程量清单项目的划分及计算规则应依据（   ）进行。','A.通信清单计价规范|B.信息通信工程费用定额|C.设计概算|D.造价咨询师经验','A',NULL,NULL,NULL,6,NULL,NULL,1,0,NULL,NULL),
(896,4,2,'通过对工程造价进行全面、系统的检查和复核，及时纠正所存在的错误和问题，使之更加合理地确定工程造价，达到有效控制工程造价的目的，保证项目目标管理的实现，称为（   ）。','A.工程造价控制|B.工程造价编制|C.工程造价审核|D.工程造价审计','C',NULL,NULL,NULL,8,NULL,NULL,1,0,NULL,NULL),
(897,4,3,'下列选项，可以作为一个建设项目必须具备的条件是（   ）。','A.在同一地点建设|B.依据一个总体设计|C.实行统一经济核算|D.由一家企业承办','B|C',NULL,NULL,NULL,1,NULL,NULL,1,0,NULL,NULL),
(898,4,3,'信息通信工程建设项目划分单项工程一般依据（   ）。','A.不同的设备厂家|B.不同的技术专业|C.不同的资金来源|D.不同的通信系统','B|D',NULL,NULL,NULL,1,NULL,NULL,1,0,NULL,NULL),
(899,4,3,'工程造价的特点，决定了工程造价计价具有单件性、（  ）、依据复杂性等多个明显特征。','A.多次性|B.组合性\n|C.不确定性|D.方法多样性','A|B|D',NULL,NULL,NULL,1,NULL,NULL,1,0,NULL,NULL),
(900,4,3,'要达到工程造价的有效控制，需要关注的关键因素包括（   ）。','A.控制目标的合理设置|B.有重点的全过程控制|C.积极发现造价偏离，及时调整|D.技术与经济相结合','A|B|D',NULL,NULL,NULL,1,NULL,NULL,1,0,NULL,NULL),
(901,4,3,'下列选项中，属于对增值税特点正确描述的是（   ）。','A.税收中性|B.差额征税，避免重复征缴|C.计算简便，税收成本较低|D.税收征缴公平一致','A|B|D',NULL,NULL,NULL,1,NULL,NULL,1,0,NULL,NULL),
(902,4,3,'以下费用中，包含在工程造价基本构成中有（   ）。','A.用于购买工程项目各种设备的费用|B.用于购买购置土地所需的费用|C.委托工程勘察设计的费用|D.建设单位自身进行项目管理的费用','A|B|C|D',NULL,NULL,NULL,2,NULL,NULL,1,0,NULL,NULL),
(903,4,3,'直接工程费中的材料费包括（   ）。','A.周转使用材料的摊销|B.工地器材搬运费\n|C.施工过程中实际消耗的原材料|D.搭建临时设施的材料费','A|C',NULL,NULL,NULL,2,NULL,NULL,1,0,NULL,NULL),
(904,4,3,'措施项目费是指为完成工程项目施工,发生于该工程前和施工过程中非工程实体项目的费用。下列费用属于措施项目费的是（   ）。','A.工程点交场地清理费|B.临时设施费|C.工具用具使用费|D.安全生产费','A|B|C',NULL,NULL,NULL,2,NULL,NULL,1,0,NULL,NULL),
(905,4,3,'定额的特点主要包括权威性、科学性、（   ）。','A.单一性|B.稳定性|C.时效性|D.系统性','B|C|D',NULL,NULL,NULL,3,NULL,NULL,1,0,NULL,NULL),
(906,4,3,'设计概算的编制的主要依据包括（   ）。','A.国家相关部门发布的有关、法规、标准规范|B.批准可行性研究报告|C.与项目采购有关的合同、协议|D.通信专业工程量计算规则','A|B|C|D',NULL,NULL,NULL,4,NULL,NULL,1,0,NULL,NULL),
(907,4,3,'概预算文件编制说明主要包括（   ）。','A.工程概况|B.编制依据|C.技术分析|D.其他需要说明的问题','A|B|D',NULL,NULL,NULL,4,NULL,NULL,1,0,NULL,NULL),
(908,4,3,'建设项目招标投标制度是在市场经济条件下产生的，因而必然受（   ）的制约。','A.用人机制|B.竞争机制|C.供求机制|D.价格机制','B|C|D',NULL,NULL,NULL,5,NULL,NULL,1,0,NULL,NULL),
(909,4,3,'下列关于工程量清单计价法和定额计价法的说法，正确的是（   ）。','A.推行工程量清单计价是推进通信建设市场化的重要途径；|B.定额计价反映的是社会平均水平造价；|C.清单计价不能反映企业的管理水平；|D.工程量清单造价有利于防止招标工程中弄虚作假、暗箱操作等不规范行为','A|B|D',NULL,NULL,NULL,6,NULL,NULL,1,0,NULL,NULL),
(910,4,3,'工程价款结算包括的过程有（   ）。','A.按合同计算工程价款|B.对变更及索赔部分进行调整|C.发承包双方对各项费用进行确认|D.对确认的价款进行支付','A|B|C',NULL,NULL,NULL,7,NULL,NULL,1,0,NULL,NULL),
(911,4,3,'以下选项，是必须对工程造价进行审核的原因有（   ）。','A.编制水平高低不齐,导致出现差错|B.预算定额或补充定额可能会使用不合理|C.存在人为提高工程造价、高估冒算现象|D.工程造价管理各环节相互监督的需要','A|B|C',NULL,NULL,NULL,8,NULL,NULL,1,0,NULL,NULL),
(912,4,2,'一个建设项目被称作非生产性建设项目，这是从（   ）方面考虑对项目进行划分的。','A.项目的资金来源|B.项目的生产能力|C.项目的建设性质|D.项目的最终用途','D',NULL,NULL,NULL,1,NULL,NULL,1,0,NULL,NULL),
(913,4,2,'在一个建设项目的层次划分中，具有独立的设计文件、可以单独编制投资预算的是（   ）','A.新建工程|B.改建工程|C.单项工程|D.单位工程','C',NULL,NULL,NULL,1,NULL,NULL,1,0,NULL,NULL),
(914,4,2,'以下不属于我国基本建设程序工作环节的是（   ）','A.可行性研究|B.技术设计|C.竣工验收|D.生产运营','D',NULL,NULL,NULL,1,NULL,NULL,1,0,NULL,NULL),
(915,4,2,'在施工过程中，对隐蔽工程的随工验收，一般由（   ）履行此项职责。','A.施工单位管理人员|B.工程概预算人员\n|C.工程监理人员|D.工程审计人员','C',NULL,NULL,NULL,1,NULL,NULL,1,0,NULL,NULL),
(916,4,2,'以下选项不是工程造价计价特征的是（   ）','A.单件性特征|B.大额性特征|C.多次性特征|D.计价方法多样性特征\n','B',NULL,NULL,NULL,2,NULL,NULL,1,0,NULL,NULL),
(917,4,2,'某建筑安装公司是小规模纳税人，它应该按（   ）增值税税率缴纳增值税。','A.17%|B.3%|C.11%|D.13%\n','B',NULL,NULL,NULL,2,NULL,NULL,1,0,NULL,NULL),
(918,4,2,'以下哪项费用，不属于通信建设单项工程总费用构成的是（   ）。','A.工程费|B.建设期利息|C.固定资产投资方向调节税|D.涨价预备费','C',NULL,NULL,NULL,2,NULL,NULL,1,0,NULL,NULL),
(919,4,2,'人工费指直接从事建筑安装工程施工的生产人员开支的各项费用。下列费用不属于人工费的是（   ）。','A.生产人员的基本工资|B.生产人员的工资性补贴|C.辅助工资|D.职工的养老保险','D',NULL,NULL,NULL,2,NULL,NULL,1,0,NULL,NULL),
(920,4,2,'施工用水电蒸汽费是指（   ）使用水、电、蒸汽所发生的费用。','A.监理单位实施工程监理中|B.施工生产过程中|C.施工企业中在施工期间生活|D.厂方检验','B',NULL,NULL,NULL,2,NULL,NULL,1,0,NULL,NULL),
(921,4,2,'间接费由（   ）组成。','A.规费和企业管理费|B.企业管理费和措施费|C.规费和直接工程费|D.规费和措施费','A',NULL,NULL,NULL,2,NULL,NULL,1,0,NULL,NULL),
(922,4,2,'以下不是影响材料价格主要因素的是（   ）。','A.市场材料供需的变化|B.材料生产成本|C.施工工艺要求|D.材料运输距离','C',NULL,NULL,NULL,2,NULL,NULL,1,0,NULL,NULL),
(923,4,2,'以下选项，不属于工程建设其他费用内容的是（   ）。','A.与未来企业生产经营有关的其他费用|B.与土地使用相关的费用|C.与设备购置相关的费用|D.与工程设计相关的费用','C',NULL,NULL,NULL,2,NULL,NULL,1,0,NULL,NULL),
(924,4,2,'某通信建设单项工程中，预备费5万元，工程建设其他费10万元，建设安装工程费100万元，需要安装的设备购置费20万元，直接工程费80万元，则其安装生产费是（   ）','A、1.2|B、1.5|C、1.8|D、1.95\n','B',NULL,NULL,NULL,2,NULL,NULL,1,0,NULL,NULL),
(925,4,2,'下列情况不能列入预备费的是（   ）','A.设计变更增加的费用|B.由一般自然灾害所造成的损失和预防自然灾害所采取的措施费用|C.竣工验收时为鉴定工程质量，对隐蔽工程进行必要的开挖和修复费用|D.对生产维护人员培训以及熟悉工艺流程、设备性能等在生产前做准备的费用','D',NULL,NULL,NULL,2,NULL,NULL,1,0,NULL,NULL),
(926,4,2,'填写信息工程概、预算表，正确的顺序是（   ）','A.表四、表五、表三甲乙丙、表二、表一|B.表五、表四、表三甲乙丙、表二、表一|C.表三甲乙丙、表四、表五、表二、表一|D.表三甲乙丙、表四、表二、表五、表一','D',NULL,NULL,NULL,4,NULL,NULL,1,0,NULL,NULL),
(927,4,2,'以下工程项目，可以不进行招投标是的（   ）','A.大型基础设施、公用事业项目|B.部分使用国有资金的项目|C.使用外国政府贷款的项目|D.抢险救灾工程','D',NULL,NULL,NULL,5,NULL,NULL,1,0,NULL,NULL),
(928,4,2,'由一定机关事先拟定的，对当事人订立相关合同起示范作用的合同文本成为（   ）','A.格式条款合同|B.标准条款合同|C.合同示范为本|D.合同固定文本','C',NULL,NULL,NULL,5,NULL,NULL,1,0,NULL,NULL),
(929,4,2,'.能够较合理的分担了合同履行过程中的风险，在实际完成工程量与估计工程量有较大差异时，可以避免业主过大的额外支出或承包商的亏损的合同形式是（ ）','A.单价合同|B.固定总价合同|C.可调总价合同|D.成本加酬金合同','A',NULL,NULL,NULL,5,NULL,NULL,1,0,NULL,NULL),
(930,4,2,'下列计价方式能充分反应市场定价体系的作用是（   ）','A.综合单价|B.工程量清单计价|C.定额计价|D.行业指导价','B',NULL,NULL,NULL,6,NULL,NULL,1,0,NULL,NULL),
(931,4,2,'发、承包双方根据国家有关法律、法规规定和合同预定，对合同实施中、终止时、已完工后的工程项目进行合同价款计算、调整和确认，称为（   ）。它是工程项目承包中一项十分重要的工作。','A.工程价款支付|B.工程价款结算|C.工程竣工结算|D.工程竣工决算','C',NULL,NULL,NULL,7,NULL,NULL,1,0,NULL,NULL),
(932,4,3,'以计划年度为单位，按建设工程项目建设工程不同阶段分类，建设项目可以分为（   ）','A.筹建项目|B.改建项目|C.扩建项目|D.停缓建项目','A|D',NULL,NULL,NULL,1,NULL,NULL,1,0,NULL,NULL),
(933,4,3,'以下工程内容可以作为信息通信建设项目单项工程的有（   ）','A.电缆线路工程|B.基站设备安装工程|C.光放设备安装工程|D.住宅光纤到户工程','A|B|C|D',NULL,NULL,NULL,1,NULL,NULL,1,0,NULL,NULL),
(934,4,3,'初步设计的主要任务是（   ）','A.确定项目的建设方案|B.进行设备选型|C.确定施工工艺|D.编制项目的总概算','A|B|D',NULL,NULL,NULL,1,NULL,NULL,1,0,NULL,NULL),
(935,4,3,'作为工程造价的层次性体现，不同层次的工程造价主要包括（   ）','A.工程概算造价|B.单项工程造价|C.单位工程造价|D.建设项目总造价','B|C|D',NULL,NULL,NULL,1,NULL,NULL,1,0,NULL,NULL),
(936,4,3,'全要素造价管理要求不能单就工程造价本身谈造价管理，还应该同时考虑（   ）','A.政府管理成本|B.工期控制成本|C.环境保护成本|D.自然灾害成本','B|C',NULL,NULL,NULL,1,NULL,NULL,1,0,NULL,NULL),
(937,4,3,'全面实施营改增，是推动供给侧结构性改革的一项重要举措，它对我们经济发展具有重要意义，主要有（   ）','A.全面实施营改增，使增值税变成了一个全链条|B.所有的企业和行业全部都实施了增值税，充分体现了增值税税收中性的原则|C.实现了全链条的增值税制度，对于增值税征收管理有非常积极的效果|D.全面实施营改增是对所有行业实行的一次减税行为','A|B|C|D',NULL,NULL,NULL,1,NULL,NULL,1,0,NULL,NULL),
(938,4,3,'下列选项与计算辅助材料费有关的是（   ）','A.机械使用费|B.主要材料费|C.人工费|D.辅助材料费系数','B|D',NULL,NULL,NULL,2,NULL,NULL,1,0,NULL,NULL),
(939,4,3,'下列进入直接费的费用项目是（   ）','A.直接工程费|B.临时设施费|C.冬雨季施工增加费|D.利润','A|B|C',NULL,NULL,NULL,2,NULL,NULL,1,0,NULL,NULL),
(940,4,3,'下列关于人工费的说法，正确的是（   ）','A.通信建设工程不分专业和地区工资类别，综合取定人工费|B.人工费=技工费+普工费|C.人工费单价为：技工114元/工日，普工为61元/工日|D.通信线路工程的人工费仅包含技工费','A|B|C',NULL,NULL,NULL,2,NULL,NULL,1,0,NULL,NULL),
(941,4,3,'按主编单位和管理权限分类，工程建设定额可分为（   ）','A.全国统一定额|B.行业统一定额|C.企业定额|D.临时定额','A|B|C',NULL,NULL,NULL,3,NULL,NULL,1,0,NULL,NULL),
(942,4,3,'是信息通信工程单项工程概算的组成部分的是（   ）','A.工程费|B.预备费\n|C.工程建设其他费|D.建设期利息','A|B|C',NULL,NULL,NULL,4,NULL,NULL,1,0,NULL,NULL),
(943,4,3,'设计概算的编制的主要依据不包括（   ）','A.国家相关部门发布的有关法律、法规、标准规范|B.施工图、通用图、标准图及说明|C.批准的初步设计概算及有关文件|D.通信专业工程量计算规则','B|C',NULL,NULL,NULL,4,NULL,NULL,1,0,NULL,NULL),
(944,4,3,'实行招投标制，对降低工程造价，使工程造价得到合理控制具有非常重要的影响，这种影响主要表现在（   ）','A.形成了市场定价的价格机制，使工程造价更趋于合理|B.便于供求双方更好的相互选择，是工程价格更加符合价值规律|C.有利于规范价格行为，使价格形成的过程变得较为透明和规范|D.增加了交易过程中的费用，对工程造价的控制产生重要影响','A|B|C',NULL,NULL,NULL,5,NULL,NULL,1,0,NULL,NULL),
(945,4,3,'下列关于工程量清单计价法，说法错误的是（   ）','A.投标报价中的综合单价是拨付工程款的重要依据|B.工程量清单计价特点是量价合一、风险共担|C.工程量清单计价是依赖建设主管部部门发布的定额和规定的取费标准进行计价的模式|D.工程量清单计价切合了政府宏观调控、企业自主报价、市场形成价格、社会全面监督的工程造价管理思路','B|C',NULL,NULL,NULL,6,NULL,NULL,1,0,NULL,NULL),
(946,4,3,'在审核工程概预算的工作中一般要坚持的原则有（   ）','A.掌握建设项目第一手资料是审核工程概预算的前提|B.全面研究设计图纸和定额资料是审核工程概预算的基础|C.工程概预算的量、价、费同审是审核工作的主要内容|D.选择正确的审核方法是提高审核速度和审核质量的必要保证','A|B|C|D',NULL,NULL,NULL,8,NULL,NULL,1,0,NULL,NULL),
(947,4,2,'以下经济活动不属于基本建设行为的是（   ）','A.建筑工程施工|B.安装工程施工|C.施工材料购置|D.生产设备租赁','D',NULL,NULL,NULL,1,NULL,NULL,1,0,NULL,NULL),
(948,4,2,'一个建设项目被称为大中型建设项目,这是从（   ）方面考虑对项目进行划分的。','A.项目的资金来源|B.项目的生产能力|C.项目的建设性质|D.项目的最终用途','B',NULL,NULL,NULL,1,NULL,NULL,1,0,NULL,NULL),
(949,4,2,'某信息通信建设单项工程为视频监控设备安装工程，该单项工程依据信息通信建设工程的专业划分规则,其专业类别应该是（   ）','A.无线通信设备安装工程|B.有线通信设备安装工程|C.通信线路工程|D.通信管道工程','B',NULL,NULL,NULL,1,NULL,NULL,1,0,NULL,NULL),
(950,4,2,'建设项目的实际工程造价是该项目的（   ）','A.竣工决算价|B.结算价|C.合同价|D.设计概算价','A',NULL,NULL,NULL,1,NULL,NULL,1,0,NULL,NULL),
(951,4,2,'任何一项建设工程从决策到竣工交付使用，都有一个较长的建设期。在这一期间,如工程变更,材料价格、费率、利率、汇率等会发生变化。决定了建设项目工程造价具有（   ）','A.大额性|B.单一性\n|C.动态性|D.兼容性','C',NULL,NULL,NULL,1,NULL,NULL,1,0,NULL,NULL),
(952,4,2,'工程造价控制的关键在于施工前的投资决策和设计阶段,而在项目做出投资决策后,控制工程造价的关键就在于（   ）','A.计划组织|B.工程设计|C.工程监理|D.合同签订','B',NULL,NULL,NULL,1,NULL,NULL,1,0,NULL,NULL),
(953,4,2,'下列选项,不属于信息通信工程项目费用编审人员在工程设计阶段的主要工作职责的是（   ）','A.掌握工程预算定额|B.掌握有关政策规定\n|C.了解工程情况,绘制工程图纸|D.正确编制和审核工程概预算','C',NULL,NULL,NULL,1,NULL,NULL,1,0,NULL,NULL),
(954,4,2,'电信行业从（   ）起开始全面实施营改增。','A.2013年8月1日|B.2014年1月1日|C.2014年6月1日|D.2016年6月1日','C',NULL,NULL,NULL,1,NULL,NULL,1,0,NULL,NULL),
(955,4,2,'由设备制造场仓库或交货地点运至施工工地仓库,所发生的免费、装卸费及杂项费用,被称为（）','A.设备到岸价|B.设备原价|C.设备运杂费|D.设备采购保管费','C',NULL,NULL,NULL,2,NULL,NULL,1,0,NULL,NULL),
(956,4,2,'仪表使用费应归入（   ）','A.规费|B.直接工程费\n|C.措施项目费|D.间接费','B',NULL,NULL,NULL,2,NULL,NULL,1,0,NULL,NULL),
(957,4,2,'某施工企业距施工现场35公里,技工350工日，普工600工日,在施工队伍调遣费是（   ）元','A.0|B.1410|C.2400|D.4800','A',NULL,NULL,NULL,2,NULL,NULL,1,0,NULL,NULL),
(958,4,2,'直接工程费中人工费的基本工资是指（   ）','A.直接从事建筑安装工程施工的生产人员的岗位工资和技能工资|B.从事机械操作人员的岗位工资和技能工资|C.从事仪表操作人员的岗位工资和技能工资|D.施工企业总经理的岗位工资和技能工资','A',NULL,NULL,NULL,2,NULL,NULL,1,0,NULL,NULL),
(959,4,2,'教育费附加计入（   ）中','A.建设单位管理费|B.销项税额|C.企业管理费|D.项目建设管理费','C',NULL,NULL,NULL,2,NULL,NULL,1,0,NULL,NULL),
(960,4,2,'建设工程监理费应在（   ） ','A.工程建设其他费用单独计列|B.建设单位管理费中包含|C.直接工程费中计取|D.建筑安装工程费中计取','A',NULL,NULL,NULL,2,NULL,NULL,1,0,NULL,NULL),
(961,4,2,'施工图预算的作用不包括（   ）','A.是考核工程成本,确定工程造价的主要依据|B.是工程价款结算的主要依据|C.是进行拨款和贷款的依据|D.是考核施工图设计技术经济和理性的主要依据','C',NULL,NULL,NULL,4,NULL,NULL,1,0,NULL,NULL),
(962,4,2,'建设工程的招标方式分为公开招标和（   ）','A.私密招标|B.邀请招标|C.选择招标|D.自愿招标','B',NULL,NULL,NULL,5,NULL,NULL,1,0,NULL,NULL),
(963,4,2,'工程勘察、设计合同一般为（）','A.总价合同|B.单价合同|C.成本加酬金合同|D.总包合同','A',NULL,NULL,NULL,5,NULL,NULL,1,0,NULL,NULL),
(964,4,2,'施工招标时所依据的工程项目的（   ），经常是选择合同类型的重要因素。','A.施工难度|B.质量要求|C.精度要求|D.设计深度','D',NULL,NULL,NULL,5,NULL,NULL,1,0,NULL,NULL),
(965,4,2,'下列情况下，承包人只能得到工期延长而得不到经济补偿的是（   ）','A.承包人原因引起工期延长|B.发包人原因引起工期延长|C.客观原因引起工期延长|D.由发包人原因引起工期延长期间并发客观原因引起的工期延长','C',NULL,NULL,NULL,7,NULL,NULL,1,0,NULL,NULL),
(966,4,2,'以下选项中，不是造价审核人员对招标控制价和投标报价审核时可以使用的宏观指标的是（   ）','A.全员劳动生产率|B.单位投资的生产能力比值|C.单位工程用工用料正常指标|D.各类费用的正常比例','B',NULL,NULL,NULL,8,NULL,NULL,1,0,NULL,NULL),
(967,4,3,'以下选项,作为一个建设项目必须具备的条件是（   ）','A.在同一地点|B.依据一个总体设计|C.实行统一经济合算|D.由一家企业承办','B|C',NULL,NULL,NULL,1,NULL,NULL,1,0,NULL,NULL),
(968,4,3,'对于技术复杂且缺乏经验的项目，经主管部门指定,可以进行三阶段设计，三阶段设计是指（   ）','A.初步设计|B.详细设计|C.技术设计|D.施工图设计','A|C|D',NULL,NULL,NULL,1,NULL,NULL,1,0,NULL,NULL),
(969,4,3,'在我国基本建设程序中，立项阶段可以划分为（   ）等环节的工作。','A.提出项目建议书|B.编制可行性研究报告\n|C.评估可行性研究报告|D.编制初步设计','A|B|C',NULL,NULL,NULL,1,NULL,NULL,1,0,NULL,NULL),
(970,4,3,'建设工程造价管理不仅仅是建设单位的任务也应该是（   ）的共同任务。','A.政府建设行政主管部门|B.银行、保险等相关金融机构|C.行业协会|D.设计单位','A|C|D',NULL,NULL,NULL,1,NULL,NULL,1,0,NULL,NULL),
(971,4,3,'中国通信企业协会对信息通信工程项目费用编审人员要求应当具备的基本条件包括（   ）','A.遵纪守法，身体健康，年龄不超过60周岁|B.大学本科及以上学历|C.具有初级以上职称或者同等专业水平|D.有两年以上从事信息通信工程建设的工作经历','C|D',NULL,NULL,NULL,1,NULL,NULL,1,0,NULL,NULL),
(972,4,3,'某一般纳税人采用增值税基本税率11%缴纳增值税,其所属行业可能是（   ）','A.货物租赁|B.交通运输业|C.电信业|D.金融服务业','B|C',NULL,NULL,NULL,1,NULL,NULL,1,0,NULL,NULL),
(973,4,3,' 建设项目静态投资是以某一基准年、月的建设要素的价格为依据所计算出来的建设项目投资的瞬时值，它包括（   ）','A.建设项目前期工程费|B.建筑安装工程费\n|C.工程建设其他费用|D.涨价预备费','A|B|C',NULL,NULL,NULL,2,NULL,NULL,1,0,NULL,NULL),
(974,4,3,'以下费用中包含在工程造价基本构成中有（   ）','A.用于购买工程项目各种设备的费用|B.用于购置土地所需的费用|C.委托工程勘察设计的费用|D.建设单位自身进行项目管理的费用','A|B|C|D',NULL,NULL,NULL,2,NULL,NULL,1,0,NULL,NULL),
(975,4,3,'以下费用包含在直接费中人工费的有（   ）。','A.生产人员技能工资|B.流动施工津贴\n|C.职工教育经费|D.生产人员防暑降温费','A|B|D',NULL,NULL,NULL,2,NULL,NULL,1,0,NULL,NULL),
(976,4,3,'措施项目费为完成工程项目施工发生于该工程前和施工过程中非工程实体项目地费用。下列费用属于措施项目费的是（   ）。','A.冬雨季施工增加费|B.特殊地区施工增加费|C.劳动保护费|D.财产保险费','A|B',NULL,NULL,NULL,2,NULL,NULL,1,0,NULL,NULL),
(977,4,3,'规费指政府及有关部门规定必须缴纳的费用，下列费用项目属于规费的有（）。','A.工程干扰费|B.工程排污费|C.社会保障费|D.住房公积金','B|C|D',NULL,NULL,NULL,2,NULL,NULL,1,0,NULL,NULL),
(978,4,3,'信息通信工程现行定额执行的文本主要包括（）。','A.信息通信建设工程预算定额|B.信息通信建设工程费用定额\n|C.信息通信建设工程概预算编制规程|D.信息通信建设工程工期定额','A|B',NULL,NULL,NULL,3,NULL,NULL,1,0,NULL,NULL),
(979,4,3,'公开招标与邀请招标的主要区别是（）','A.招标信息的发布的媒体不同|B.招标信息的发布的方式不同\n|C.招标邀请的对象不同|D.招标文件的编制不同','B|C',NULL,NULL,NULL,5,NULL,NULL,1,0,NULL,NULL),
(980,4,3,'实行工程量清单计价对施工企业的好处有（   ）','A.有利于提高工程计价效率，真正实现快速报价|B.避免了传统计价方式中招标人与投标人在工程量计算上的重复工作|C.体现施工企业在技术装备水平管理水平和劳动生产率|D.有利于施工企业公平竞争','A|B|D',NULL,NULL,NULL,6,NULL,NULL,1,0,NULL,NULL),
(981,4,3,'我国现行价款结算方式有（）','A.按月结算|B.竣工后一次结算|C.分段结算|D.目标结款方式','A|B|C|D',NULL,NULL,NULL,7,NULL,NULL,1,0,NULL,NULL),
(982,5,1,'基本建设的最终成果一般表现为固定资产的增加。同时，所有新增加固定资产的经济活动都称为基本建设。',NULL,'0',NULL,NULL,NULL,1,NULL,NULL,1,0,NULL,NULL),
(983,5,1,'建设项目按建设性质分为：筹建项目、施工项目、投产项目、收尾项目，停缓建项目等。',NULL,'0',NULL,NULL,NULL,1,NULL,NULL,1,0,NULL,NULL),
(984,5,1,'信息通信工程建设项目的单项工程一般是按不同技术专业或不同的通信系统进行划分的。',NULL,'1',NULL,NULL,NULL,1,NULL,NULL,1,0,NULL,NULL),
(985,5,1,'初步设计和总概算报主管部门批准后，设计部门方可进行施工图阶段设计。',NULL,'1',NULL,NULL,NULL,1,NULL,NULL,1,0,NULL,NULL),
(986,5,1,'工程造价是通过一次预估确定下来的。对工程造价的预估过程就是对造价的控制过程。',NULL,'0',NULL,NULL,NULL,1,NULL,NULL,1,0,NULL,NULL),
(987,5,1,'控制建设工程造价不仅仅是控制建设工程本身的成本，还应同时考虑工期成本、质量成本、安全与环境成本的控制，从而实现工程造价、工期、质量、安全、环境的集成管理。',NULL,'1',NULL,NULL,NULL,1,NULL,NULL,1,0,NULL,NULL),
(988,5,1,'通信工程项目费用编审人员，主要从事建设前期的概预算编制审核工作。',NULL,'0',NULL,NULL,NULL,1,NULL,NULL,1,0,NULL,NULL),
(989,5,1,'国家大力推行的“营改增”这一税制改革涉及的两个主要税种：增值税和营业税，都是流转税。',NULL,'1',NULL,NULL,NULL,1,NULL,NULL,1,0,NULL,NULL),
(990,5,1,'建设项目的固定资产投资也就是建设项目的工程造价，其中建筑安装工程投资也就是建筑安装工程造价。',NULL,'1',NULL,NULL,NULL,2,NULL,NULL,1,0,NULL,NULL),
(991,5,1,'建设单位自身进行项目筹建和项目管理所花费费用，不属于工程造价包含的内容。',NULL,'0',NULL,NULL,NULL,2,NULL,NULL,1,0,NULL,NULL),
(992,5,1,'国产设备原价是指设备制造厂的交货价，即施工现场出库价，或订货合同价。',NULL,'0',NULL,NULL,NULL,2,NULL,NULL,1,0,NULL,NULL),
(993,5,1,'在海拔2000米以上的化工区安装电信设备时，特殊地区施工增加费应按规定标准两倍计取。',NULL,'0',NULL,NULL,NULL,2,NULL,NULL,1,0,NULL,NULL),
(994,5,1,'甲方供材和乙方供材的材料费统一计入建筑安装工程费中按11％计算销项税额。',NULL,'0',NULL,NULL,NULL,2,NULL,NULL,1,0,NULL,NULL),
(995,5,1,'生产准备及开办费是为保证项目正常生产而发生的人员培训费、提前进场费以及投产初期必备的生产生活用具购置的费用。该项费用不计入单项工程总费用中。',NULL,'0',NULL,NULL,NULL,2,NULL,NULL,1,0,NULL,NULL),
(996,5,1,'“预算定额”适用于新建、扩建工程，改建工程可参照使用，用于扩建工程时，其人工工日按乘以系数1.1计取。',NULL,'0',NULL,NULL,NULL,3,NULL,NULL,1,0,NULL,NULL),
(997,5,1,'现行通信建设工程预算定额的编制需贯彻执行“技普分开”的原则，通信工程均分别计取技工工日、普工工日。',NULL,'0',NULL,NULL,NULL,3,NULL,NULL,1,0,NULL,NULL),
(998,5,1,'若建设项目实际投资数额超过了总概算，那么必须在原设计单位和建设单位共同提出追加投资得申请报告基础上，经上级计划部门审核批准后，方能追加投资。',NULL,'1',NULL,NULL,NULL,4,NULL,NULL,1,0,NULL,NULL),
(999,5,1,'单项工程预算可以是一个独立的预算也可由该单项工程中包含的所有单位工程预算汇总而成。',NULL,'1',NULL,NULL,NULL,4,NULL,NULL,1,0,NULL,NULL),
(1000,5,1,'专业人员阅读图纸、统计工程量的过程就称为识图。',NULL,'1',NULL,NULL,NULL,4,NULL,NULL,1,0,NULL,NULL),
(1001,5,1,'是否编制招标、投标文件，是区别招投标与其他采购方式的最主要特征之一。',NULL,'1',NULL,NULL,NULL,5,NULL,NULL,1,0,NULL,NULL),
(1002,5,1,'通信建设工程勘察、设计、监理等服务采购，单项合同估算价在100万元人民币以下的，可以不用招标。',NULL,'0',NULL,NULL,NULL,5,NULL,NULL,1,0,NULL,NULL),
(1003,5,1,'使用综合评估法能最大限度地消除评标过程中的单位和人的影响。',NULL,'0',NULL,NULL,NULL,5,NULL,NULL,1,0,NULL,NULL),
(1004,5,1,'当事人签订合同时必须写明违约责任，否则主管机关不予登记、公证机构不予公证。',NULL,'1',NULL,NULL,NULL,5,NULL,NULL,1,0,NULL,NULL),
(1005,5,1,'在固定总价合同中，承包商承担了全部的工作量和价格的风险。',NULL,'1',NULL,NULL,NULL,5,NULL,NULL,1,0,NULL,NULL),
(1006,5,1,'对于一个建设工程项目而言，究竟采用何种合同形式是固定不变的。',NULL,'0',NULL,NULL,NULL,5,NULL,NULL,1,0,NULL,NULL),
(1007,5,1,'招标人在编制工程量清单时必须做到统一项目编码、统一项目名称、统一项目特征、统一计量单位、统一工程量计算规则等。',NULL,'1',NULL,NULL,NULL,6,NULL,NULL,1,0,NULL,NULL),
(1008,5,1,'综合单价是完成一个规定计量单位的分部分项工程量清单项目或措施清单项目所需的人工费、材料费、机械使用费、仪表使用费、规费、企业管理费、利润，以及一定范围内的风险费用。',NULL,'0',NULL,NULL,NULL,6,NULL,NULL,1,0,NULL,NULL),
(1009,5,1,'招标工程量清单是工程量计价的基础，应作为编制招标控制价、投标报价、计算工程量、支付工程款、调整合同价款、办理竣工结算以及工程索赔等的依据之一。',NULL,'1',NULL,NULL,NULL,6,NULL,NULL,1,0,NULL,NULL),
(1010,5,1,'规费和税金应在工程中按国家或省级、行业建设主管部门的规定计算，可以作为竞争性费用。',NULL,'0',NULL,NULL,NULL,6,NULL,NULL,1,0,NULL,NULL),
(1011,5,1,'审查概算或预算首先要熟悉图纸，因为图纸是审查概算、预算各项工程量的依据。',NULL,'0',NULL,NULL,NULL,8,NULL,NULL,1,0,NULL,NULL),
(1012,5,1,'基本建设是指在国民经济中以增加工程效益为目的的综合经济活动。',NULL,'0',NULL,NULL,NULL,1,NULL,NULL,1,0,NULL,NULL),
(1013,5,1,'按建设项目建设过程不同阶段分类，筹建项目是在本计划年度内正在做准备，即将开工的项目',NULL,'0',NULL,NULL,NULL,1,NULL,NULL,1,0,NULL,NULL),
(1014,5,1,'基本建设程序是对基本建设项目从设计、施工到建成投产所经历的整个过程的各项工作开展先后顺序的规定。',NULL,'0',NULL,NULL,NULL,1,NULL,NULL,1,0,NULL,NULL),
(1015,5,1,'施工准备应由施工单位按照建设单位的要求，根据建设项目或单项工程的技术特点来完成。',NULL,'0',NULL,NULL,NULL,1,NULL,NULL,1,0,NULL,NULL),
(1016,5,1,'投资概算是指在项目建议书或可行性研究阶段，对拟建项目通过编制预算文件确定的项目投资总额，或称概算造价。',NULL,'0',NULL,NULL,NULL,1,NULL,NULL,1,0,NULL,NULL),
(1017,5,1,'工程造价的计价是工程造价控制的基础和载体，没有造价的计价就没有造价的控制。',NULL,'1',NULL,NULL,NULL,1,NULL,NULL,1,0,NULL,NULL),
(1018,5,1,'在信息通信工程建设中，要求无论工程投资方和工程承包建设方，或者从事与工程造价有关的咨询机构，必须具有相应数量的项目费用编审人员。',NULL,'1',NULL,NULL,NULL,1,NULL,NULL,1,0,NULL,NULL),
(1019,5,1,'从计税原理上说，增值税是对商品生产、流通、劳务服务中多个环节的新增价值或商品的附加值征收的一种流转税，实行价内税。',NULL,'0',NULL,NULL,NULL,1,NULL,NULL,1,0,NULL,NULL),
(1020,5,1,'静态投资和动态投资内容有所区别，但二者有密切联系。静态投资包含动态投资，动态投资是静态投资最主要的组成部分。',NULL,'0',NULL,NULL,NULL,2,NULL,NULL,1,0,NULL,NULL),
(1021,5,1,'工信部规【2016】451号文发布的《信息通信建设工程费用定额》规定通信建设工程总费用由各信息通信建设项目单位工程总费用构成。',NULL,'0',NULL,NULL,NULL,2,NULL,NULL,1,0,NULL,NULL),
(1022,5,1,'在工程施工中，接送施工人员车辆的过路过桥费、折旧费、燃料费等属于机械使用费。',NULL,'0',NULL,NULL,NULL,2,NULL,NULL,1,0,NULL,NULL),
(1023,5,1,'夜间施工增加费不考虑施工时段按定额费率常年计取，包干使用。',NULL,'0',NULL,NULL,NULL,2,NULL,NULL,1,0,NULL,NULL),
(1024,5,1,'材料的预算价格是指材料的供应价或供货地点价。',NULL,'0',NULL,NULL,NULL,2,NULL,NULL,1,0,NULL,NULL),
(1025,5,1,'工程建设其他费用是指从整个建设期间，除建筑安装工程费用以外的，为保证工程建设顺利完成，正常发挥效用而发生的各项费用。',NULL,'0',NULL,NULL,NULL,2,NULL,NULL,1,0,NULL,NULL),
(1026,5,1,'建设工程定额反映了工程建设投入与产出的关系，一般只规定的数量标准。',NULL,'0',NULL,NULL,NULL,3,NULL,NULL,1,0,NULL,NULL),
(1027,5,1,'按照定额的编制程序和用途分类，可以把建设工程定额分为施工定额、预算定额、投资估算指标、概算定额和工期定额五种。',NULL,'1',NULL,NULL,NULL,3,NULL,NULL,1,0,NULL,NULL),
(1028,5,1,'在现行通信建设工程预算定额中，每册均由总说明、册说明、章节说明、定额项目表和附录构成。',NULL,'0',NULL,NULL,NULL,3,NULL,NULL,1,0,NULL,NULL),
(1029,5,1,'工程采用二阶段设计时，编制施工图预算，但施工图预算应反映全部费用内容，即除工程费和工程建设其他费之外，还应计列预备费、建设期利息等费用。',NULL,'0',NULL,NULL,NULL,4,NULL,NULL,1,0,NULL,NULL),
(1030,5,1,'表四甲用于主要材料表时，应将主要材料分类汇总计算出原价小计，再以小计为基数计取各种采购、运输及保险等手续费。',NULL,'1',NULL,NULL,NULL,4,NULL,NULL,1,0,NULL,NULL),
(1031,5,1,'建设工程项目的招标是指招标人在工程项目发包之后制定招标文件，公开招引或邀请招引投标人。',NULL,'0',NULL,NULL,NULL,5,NULL,NULL,1,0,NULL,NULL),
(1032,5,1,'涉及国家安全、国家秘密、抢险救灾的项目，按照国家有关规定可以不进行招标。',NULL,'0',NULL,NULL,NULL,5,NULL,NULL,1,0,NULL,NULL),
(1033,5,1,'在开标后，招标人可以根据投标书经启封后的相关情况，调整完善评标和定标的办法。',NULL,'0',NULL,NULL,NULL,5,NULL,NULL,1,0,NULL,NULL),
(1034,5,1,'工程招标时的设计深度是否达到施工图设计的深度，是影响固定总价合同的适用条件之一。',NULL,'1',NULL,NULL,NULL,5,NULL,NULL,1,0,NULL,NULL),
(1035,5,1,'单价合同的工程量清单内所开列的工程量为准确工程量，而非估计工程量。',NULL,'0',NULL,NULL,NULL,5,NULL,NULL,1,0,NULL,NULL),
(1036,5,1,'工程量清单计价模式的操作过程一般分为两个阶段：编制招标控制价和编制投标报价。',NULL,'0',NULL,NULL,NULL,6,NULL,NULL,1,0,NULL,NULL),
(1037,5,1,'采用工程量清单方式招标，招标工程量清单必须作为招标文件的组成部分，其准确性和完整性由投标人负责。',NULL,'0',NULL,NULL,NULL,6,NULL,NULL,1,0,NULL,NULL),
(1038,5,1,'招标人在编制工程量清单时必须做到统一项目编码、统一项目名称、统一项目特征、统一计量单位、统一工程量计算规则。',NULL,'1',NULL,NULL,NULL,6,NULL,NULL,1,0,NULL,NULL),
(1039,5,1,'投标人编制投标报价可以根据各相应清单明细优惠的基础上再次进行总价优惠。',NULL,'0',NULL,NULL,NULL,6,NULL,NULL,1,0,NULL,NULL),
(1040,5,1,'在工程竣工前，承包人收取的工程预付款和进度款的总额一般不超过合同总额的95%，其余5%尾款在工程竣工结算时除保修金外一并清算。',NULL,'0',NULL,NULL,NULL,7,NULL,NULL,1,0,NULL,NULL),
(1041,5,1,'在审核施工图预算时，发现设计图纸有错漏或相互间有矛盾，应及时向设计人员提出修正意见，予以更正，经过审核、修正后的设计图才能作为计算工程量的依据。',NULL,'1',NULL,NULL,NULL,8,NULL,NULL,1,0,NULL,NULL),
(1042,5,1,'基本建设是一种宏观的经济活动，它是横跨于国民经济多个部门，包括生产、分配、流通各个环节的物质生产活动。',NULL,'0',NULL,NULL,NULL,1,NULL,NULL,1,0,NULL,NULL),
(1043,5,1,'按建设项目建设性质分类，改建项目是指用各种专项拨款和企业基金进行的挖潜、革新、改造的项目。',NULL,'0',NULL,NULL,NULL,1,NULL,NULL,1,0,NULL,NULL),
(1044,5,1,'可行性研究报告是要求建设某一具体项目的建设文件，是基本建设程序中最初阶段的工作，是投资决策前对拟建项目的轮廓设想。',NULL,'0',NULL,NULL,NULL,1,NULL,NULL,1,0,NULL,NULL),
(1045,5,1,'项目后评价是固定资产投资管理的最后一个环节。',NULL,'1',NULL,NULL,NULL,1,NULL,NULL,1,0,NULL,NULL),
(1046,5,1,'从投资者的角度来定义，建设项目工程造价是指建设项目的建设成本，即建设项目预期开支或实际开资的全部费用。',NULL,'1',NULL,NULL,NULL,1,NULL,NULL,1,0,NULL,NULL),
(1047,5,1,'工程造价管理是为了实现一定的预期目标，在拟定的规划、设计方案的条件下，预测、计算、确定和监控工程造价及其变动的系统活动。',NULL,'1',NULL,NULL,NULL,1,NULL,NULL,1,0,NULL,NULL),
(1048,5,1,'工程造价的计价与控制造价两者相互依存、相互制约、相辅相成，但最终目标是不同的。',NULL,'0',NULL,NULL,NULL,1,NULL,NULL,1,0,NULL,NULL),
(1049,5,1,'中国通信企业协会对信息通信工程项目费用编审人员要求近2年内参与过2项以上（含2项）信息通信建设工程项目。',NULL,'1',NULL,NULL,NULL,1,NULL,NULL,1,0,NULL,NULL),
(1050,5,1,'一般纳税人和小规模纳税人在对企业会计核算的要求、增值税发票的获取和开具、税额的抵扣等方面要求基本相同，仅是税率有着不同的规定。',NULL,'0',NULL,NULL,NULL,1,NULL,NULL,1,0,NULL,NULL),
(1051,5,1,'工程造价的构成是按工程项目建设工程中各类费用支出或花费的性质、途径等来确定的。',NULL,'1',NULL,NULL,NULL,2,NULL,NULL,1,0,NULL,NULL),
(1052,5,1,'采购代理服务费是指建设单位物采部门，在采购中发生的管理服务的费用。采购代理服务费根据工程项目实际情况按实计列。',NULL,'0',NULL,NULL,NULL,2,NULL,NULL,1,0,NULL,NULL),
(1053,5,1,'施工现场与企业的距离在35km以内时，不计取施工队伍调遣费。',NULL,'1',NULL,NULL,NULL,2,NULL,NULL,1,0,NULL,NULL),
(1054,5,1,'工程车辆使用费包括布放光缆的汽车使用费、大修理费和经常修理费。',NULL,'0',NULL,NULL,NULL,2,NULL,NULL,1,0,NULL,NULL),
(1055,5,1,'在建安工程费中，城市维护建设税、教育费附加税计入在企业管理费中。',NULL,'1',NULL,NULL,NULL,2,NULL,NULL,1,0,NULL,NULL),
(1056,5,1,'材料的供货方式和供货渠道一般有业主供货和承包商供货两种方式。',NULL,'1',NULL,NULL,NULL,2,NULL,NULL,1,0,NULL,NULL),
(1057,5,1,'定额是编制投资估算、设计概算、施工图预算及招标控制价的重要依据。',NULL,'1',NULL,NULL,NULL,3,NULL,NULL,1,0,NULL,NULL),
(1058,5,1,'预算定额比概算定额准确性高，它是在概算定额基础上进一步细化编制出来的。',NULL,'0',NULL,NULL,NULL,3,NULL,NULL,1,0,NULL,NULL),
(1059,5,1,'通信线路工程和通信管道工程，当工程规模较小时，人工工日以总工日为基数按相关规定系数进行调整。',NULL,'1',NULL,NULL,NULL,3,NULL,NULL,1,0,NULL,NULL),
(1060,5,1,'单项工程预算由该单项工程中包含的所有单位工程预算汇总而成时，工程建设其他费应以单项工程作为计取单位。',NULL,'1',NULL,NULL,NULL,4,NULL,NULL,1,0,NULL,NULL),
(1061,5,1,'建设项目招投标制是在市场经济条件下产生的，意在鼓励竞争，防止垄断。',NULL,'1',NULL,NULL,NULL,5,NULL,NULL,1,0,NULL,NULL),
(1062,5,1,'开标应当在招标文件确定的提交投标文件截止时间的同一时间公开进行；开标地点应当为招标文件中确定的地点。',NULL,'1',NULL,NULL,NULL,5,NULL,NULL,1,0,NULL,NULL),
(1063,5,1,'招标人根据招标项目特点和需要编制招标公告，它是投标人编制投标文件和报价的依据。',NULL,'0',NULL,NULL,NULL,5,NULL,NULL,1,0,NULL,NULL),
(1064,5,1,'对格式条款有两种以上解释的，应当作出有利于提供格式条款合同一方的解释。',NULL,'0',NULL,NULL,NULL,5,NULL,NULL,1,0,NULL,NULL),
(1065,5,1,'在单价合同中，当总价和单价的计算结果不一致时，以总价为准调整。',NULL,'0',NULL,NULL,NULL,5,NULL,NULL,1,0,NULL,NULL),
(1066,5,1,'工程量清单计价文件是招标文件的组成部分，应提供给投标人。',NULL,'0',NULL,NULL,NULL,6,NULL,NULL,1,0,NULL,NULL),
(1067,5,1,'采用工程量清单招标评标时一般采用合理低价中标法，既要对总价评分，又要对综合单价进行分析评分。',NULL,'0',NULL,NULL,NULL,7,NULL,NULL,1,0,NULL,NULL),
(1068,5,1,'工程价款结算应按合同约定办理，合同未作约定或约定不明的，应以承包人的要求为准进行价款结算。',NULL,'0',NULL,NULL,NULL,7,NULL,NULL,1,0,NULL,NULL),
(1069,5,1,'信息通信建设工程包工包料工程的预付款的支付比例不得低于签约合同价（扣除暂列金额）的15%，不宜高于签约合同价（扣除暂列金额）的40%。',NULL,'0',NULL,NULL,NULL,7,NULL,NULL,1,0,NULL,NULL),
(1070,5,1,'计算工程量时要遵循一定的计算顺序，依次进行计算，可以尽量避免发生漏算或重算。',NULL,'1',NULL,NULL,NULL,8,NULL,NULL,1,0,NULL,NULL),
(1071,5,1,'在对施工图预算审核时，施工现场的具体情况可以不作为工程量计算的审核依据。',NULL,'0',NULL,NULL,NULL,8,NULL,NULL,1,0,NULL,NULL),
(1072,5,1,'基本建设的最终成果一般表现为固定资产的增加。',NULL,'1',NULL,NULL,NULL,1,NULL,NULL,1,0,NULL,NULL),
(1073,5,1,'建设项目按建设性质分为：筹建项目、施工项目、投产项目、收尾项目，停缓建项目等。',NULL,'0',NULL,NULL,NULL,1,NULL,NULL,1,0,NULL,NULL),
(1074,5,1,'建设项目一般是由多个部分组成的复杂综合体，分部工程是它最小组成单元。',NULL,'0',NULL,NULL,NULL,1,NULL,NULL,1,0,NULL,NULL),
(1075,5,1,'基本建设程序是对基本建设项目从设计、施工到建成投产所经历的整个过程中的各项工作开展先后顺序的规定。',NULL,'0',NULL,NULL,NULL,1,NULL,NULL,1,0,NULL,NULL),
(1076,5,1,'初步验收应在完成施工调测之后，在原定计划建设工期之外进行。',NULL,'0',NULL,NULL,NULL,1,NULL,NULL,1,0,NULL,NULL),
(1077,5,1,'从投资者的角度来定义，建设项目工程造价是指建设项目的建设成本，即建设项目预期开支或实际开资的全部费用。',NULL,'1',NULL,NULL,NULL,1,NULL,NULL,1,0,NULL,NULL),
(1078,5,1,'修正概算是对初步设计概算进行修正调整，它比概算造价准确，但受概算造价控制。',NULL,'1',NULL,NULL,NULL,1,NULL,NULL,1,0,NULL,NULL),
(1079,5,1,'有效控制工程造价，是把建设工程造价控制在批准的造价限额左右，随时纠正发生的偏差，以保证项目投资控制目标的实现。',NULL,'0',NULL,NULL,NULL,1,NULL,NULL,1,0,NULL,NULL),
(1080,5,1,'中国通信企业协会对信息通信工程项目费用编审人员要求具有初级以上职称或者同等专业水平，有1年以上从事信息通信工程建设的工作经历。',NULL,'0',NULL,NULL,NULL,1,NULL,NULL,1,0,NULL,NULL),
(1081,5,1,'只就货物或劳务销售额中的增值部分征税，避免了征收重复性，这是增值税最本质特征。',NULL,'1',NULL,NULL,NULL,1,NULL,NULL,1,0,NULL,NULL),
(1082,5,1,'所有建设项目总投资包括固定资产投资和包含铺底流动资金在内的流动资产投资两部分。',NULL,'0',NULL,NULL,NULL,2,NULL,NULL,1,0,NULL,NULL),
(1083,5,1,'建设单位自身进行项目筹建和项目管理所花费费用，不属于工程造价包含的内容。',NULL,'0',NULL,NULL,NULL,2,NULL,NULL,1,0,NULL,NULL),
(1084,5,1,'辅助材料费是指购置对施工生产起辅助作用材料的费用,其计算是以主要材料费为计费基础的。',NULL,'1',NULL,NULL,NULL,2,NULL,NULL,1,0,NULL,NULL),
(1085,5,1,'工程施工期间不在冬季也不在雨季,所以不应该计列冬雨季施工增加费。',NULL,'0',NULL,NULL,NULL,2,NULL,NULL,1,0,NULL,NULL),
(1086,5,1,'在建安工程费中,城市维护建设税、教育费附加税计入在企业管理费中。',NULL,'1',NULL,NULL,NULL,2,NULL,NULL,1,0,NULL,NULL),
(1087,5,1,'定额是在一定的生产技术和劳动组织条件下,完成单位合格产品在人力、物力、财力的利用和消耗方面应当遵守的标准。',NULL,'1',NULL,NULL,NULL,3,NULL,NULL,1,0,NULL,NULL),
(1088,5,1,'概算定额的内容和作用的与预算定额相似,但项目划分较粗,没有预算定额的准确性高。',NULL,'1',NULL,NULL,NULL,3,NULL,NULL,1,0,NULL,NULL),
(1089,5,1,'预算定额子目中的主要材料消耗量是主要材料消耗定额的净用量。',NULL,'0',NULL,NULL,NULL,3,NULL,NULL,1,0,NULL,NULL),
(1090,5,1,'工程采用三阶段设计时，初步设计阶段编制设计概算,技术设计阶段编制修正预算。',NULL,'0',NULL,NULL,NULL,4,NULL,NULL,1,0,NULL,NULL),
(1091,5,1,'公开招标相对邀请招标,参加投标的承包商数量少,因而招标时间相对较短,招标费用也较少。',NULL,'0',NULL,NULL,NULL,5,NULL,NULL,1,0,NULL,NULL),
(1092,5,1,'在开标后,招标人可以根据投标书启封的相关情况,调整完善评标和定标的办法。',NULL,'0',NULL,NULL,NULL,5,NULL,NULL,1,0,NULL,NULL),
(1093,5,1,'狭义的合同是指债权合同,即两个以上的民事主体之间设立、变更、终止债权债务关系的协议。',NULL,'1',NULL,NULL,NULL,5,NULL,NULL,1,0,NULL,NULL),
(1094,5,1,'在固定总价合同中，承包商承担了全部的工作量和价格的风险。',NULL,'1',NULL,NULL,NULL,5,NULL,NULL,1,0,NULL,NULL),
(1095,5,1,'当事人订立合同，必须采用书面形式。口头形式和其他形式不被法律保护。',NULL,'0',NULL,NULL,NULL,5,NULL,NULL,1,0,NULL,NULL),
(1096,5,1,'工程量清单计价文件是设计文件的组成部分,应提供给投标人。',NULL,'0',NULL,NULL,NULL,6,NULL,NULL,1,0,NULL,NULL),
(1097,5,1,'投标人在投标时可以根据招标文件中所规定的工程量清单计价方法结合自己企业情况按工程量计算规则确定综合单价。',NULL,'0',NULL,NULL,NULL,6,NULL,NULL,1,0,NULL,NULL),
(1098,5,1,'合同工程发生现场签证事项，未经发包人书面签证确认，承包人便擅自施工发生的费用由承包人承担。',NULL,'0',NULL,NULL,NULL,7,NULL,NULL,1,0,NULL,NULL),
(1099,5,1,'单项工程竣工结算或建设项目竣工总结算由承包人编制,发包人可直接进行审查,也可以委托具有相应资质的工程造价咨询机构进行审查。',NULL,'1',NULL,NULL,NULL,8,NULL,NULL,1,0,NULL,NULL),
(1100,5,1,'定额套用是否正确的审核是工程造价是审核的基础性工作，十分繁琐、复杂。',NULL,'0',NULL,NULL,NULL,8,NULL,NULL,1,0,NULL,NULL),
(1101,5,1,'工程定额具有科学性、权威性、法令性，它的形式和内容,计算单位和数量标准,任何人使用都必须全面执行。',NULL,'0',NULL,NULL,NULL,3,NULL,NULL,1,0,NULL,NULL),
(1102,5,2,'以下选项，不是一个建设项目应该具有的特点的是（   ）','A.按照一个总体设计进行建设|B.经济上与投资主体在建的所有建设项目实行统一核算，行政上统一管理|C.由一个或若干个具有内在联系的工程所组成的总体|D.建成后具有完整的系统，可以独立地形成生产能力','B',NULL,NULL,NULL,1,NULL,NULL,1,0,NULL,NULL),
(1103,5,2,'（   ）一般是可以用较为简单的施工过程就能完成，以适当的计量单位就可以计算出工程量和资源消耗数量，并能方便的计算出其单价。','A.单项工程|B.单位工程|C.分部工程|D.分项工程','D',NULL,NULL,NULL,1,NULL,NULL,1,0,NULL,NULL),
(1104,5,2,'某信息通信建设单项工程为综合布线工程，该单项工程依据信息通信建设工程的专业划分规则，其专业类别应该是（   ）','A.有线通信设备安装工程|B.无线通信设备安装工程|C.通信线路工程|D.通信管道工程','C',NULL,NULL,NULL,1,NULL,NULL,1,0,NULL,NULL),
(1105,5,2,'通信工程建设项目的试运转期一般为（   ）','A.一个月|B.45个工作日|C.三个月|D.六个月','C',NULL,NULL,NULL,1,NULL,NULL,1,0,NULL,NULL),
(1106,5,2,'由于建设工程项目周期长、规模大、造价高、分段实施的特点，直接导致了工程造价计价的（   ）','A.单件性特征|B.组合性特征|C.多次性特征|D.计价依据复杂性特征','C',NULL,NULL,NULL,1,NULL,NULL,1,0,NULL,NULL),
(1107,5,2,'纳税人购进货物或应税服务，支付或者负担的增值税税额，称为（   ）。','A.销项税额|B.进项税额|C.应纳税额|D.实纳税额','B',NULL,NULL,NULL,1,NULL,NULL,1,0,NULL,NULL),
(1108,5,2,'工信部规【2016】451号文发布的《信息通信建设工程费用定额》规定通信建设工程总费用由各通信建设项目（   ）总费用构成。','A.分项工程|B.分部工程|C.单位工程| D.单项工程','D',NULL,NULL,NULL,2,NULL,NULL,1,0,NULL,NULL),
(1109,5,2,'以下费用，不能被包含在进口设备到岸价（CIF价）中的一项是（   ）','A.货价（FOB）|B.外贸手续费|C.国际运费|D.国际运输保险费','B',NULL,NULL,NULL,2,NULL,NULL,1,0,NULL,NULL),
(1110,5,2,'材料运杂费指材料自来源地运至（   ）所发生的费用。','A.工地|B.工地仓库|C.施工企业仓库|D.建设单位仓库','B',NULL,NULL,NULL,2,NULL,NULL,1,0,NULL,NULL),
(1111,5,2,'对于施工中使用的机械和仪表，在规定的使用年限内，陆续收回其原价值及购置资金的时间价值的费用称为（   ）。','A.大修理费|B.经常修理费|C.折旧费|D.年检费','C',NULL,NULL,NULL,2,NULL,NULL,1,0,NULL,NULL),
(1112,5,2,'措施项目费指为完成工程项目施工，发生该工程前和施工过程中非工程实项目的费用。下列不属于措施项目费的是（   ）。','A.生产工具用具使用费|B.冬雨季施工增加费\n|C.勘察设计费|D.施工队伍调遣费\n','C',NULL,NULL,NULL,2,NULL,NULL,1,0,NULL,NULL),
(1113,5,2,'信息通信工程由于受市政管理、交通管制、人流密集、输配电设施等影响工效的补偿费用称为工程干扰费。干扰因素一般发生在干扰地区。以下选项不属于干扰地区的是（   ）。','A.规划部门规划内的城区|B.高速公路隔离带|C.化工污染区|D.铁路路基边缘\n','C',NULL,NULL,NULL,2,NULL,NULL,1,0,NULL,NULL),
(1114,5,2,'依据《信息通信建设工程费用定额》规定，通信建设工程采用统一单价方式，取定的人工技工工日单价为（   ）。','A.48元/工日|B.24元/工日|C.114元/工日|D.109元/工日','C',NULL,NULL,NULL,2,NULL,NULL,1,0,NULL,NULL),
(1115,5,2,'某通信建设单项工程中，预备费5万元，工程建设其他费10万元，建筑安装工程费80万元，需要安装的设备购置费20万元，直接工程费40万元，则其安全生产费是（   ）万元。','A.1.425|B.1.2|C.1.35|D.0.8','B',NULL,NULL,NULL,2,NULL,NULL,1,0,NULL,NULL),
(1116,5,2,'填写信息通信工程概、预算表，正确的顺序是（   ）。','A.表三甲乙丙、表四、表五、表二、表一|B.表三甲乙丙、表四、表二、表五、表一|C.表四、表五、表三甲乙丙、表二、表一|D.表五、表四、表三甲乙丙、表二、表一','B',NULL,NULL,NULL,4,NULL,NULL,1,0,NULL,NULL),
(1117,5,2,'以下选择，不是招标投标所具有的特点的是（   ）。','A.程序规范|B.全方位开放，透明度高|C.公平、客观|D.交易双方自愿成交','D',NULL,NULL,NULL,5,NULL,NULL,1,0,NULL,NULL),
(1118,5,2,'与邀请招标相比，公开招标程序仅是在招标准备阶段多了（   ）和进行资格预审的内容。','A.发布招标公告|B.组织现场踏勘|C.申请招标|D.编写招标文件','A',NULL,NULL,NULL,5,NULL,NULL,1,0,NULL,NULL),
(1119,5,2,'由于（   ）允许随工程量变化而调整工程总价，业主和承包商都不存在工程量方面的风险，因此对合同双方都比较公平。','A.总包合同|B.单价合同|C.总价合同|D.成本加酬金合同','B',NULL,NULL,NULL,5,NULL,NULL,1,0,NULL,NULL),
(1120,5,2,'以下选项，不是通信建设工程量清单组成部分的是（   ）。','\nA.分部分项清单|B.建筑安装工程费清单|C.措施项目清单|D.规费项目清单','B',NULL,NULL,NULL,6,NULL,NULL,1,0,NULL,NULL),
(1121,5,2,'招标投标工程，招标控制价和投标报价是招投标工作的核心，（   ）正确与否直接关系到投标的成败。','A.招标控制价|B.投标报价|C.竣工结算价|D.预算价','B',NULL,NULL,NULL,6,NULL,NULL,1,0,NULL,NULL),
(1122,5,3,'1.按建设项目资金来源和渠道不同分类，建设项目可以分为（   ）。','A.生产性建设项目|B.非生产性建设项目|C.国家投资建设项目|D.自筹资金建设项目','C|D',NULL,NULL,NULL,1,NULL,NULL,1,0,NULL,NULL),
(1123,5,3,'以下工作，可行性研究阶段必须完成的是（   ）。','A.项目建设规模初步设想|B.项目工程量与投资估算|C.项目国民经济评价|D.项目设备选型方案论证','B|C|D',NULL,NULL,NULL,1,NULL,NULL,1,0,NULL,NULL),
(1124,5,3,'以下选项，正确描述工程造价在工程项目管理中所起作用的是（   ）。','A.项目决策的工具|B.筹集建设资金的依据|C.评价投资效果的重要指标|D.制定投资计划和控制投资的有效工具','A|B|C|D',NULL,NULL,NULL,1,NULL,NULL,1,0,NULL,NULL),
(1125,5,3,'信息通信工程建设领域项目费用编审人员需要履行的岗位职责，包括（   ）。','A.负责编制或审核工程概预算|B.参加图纸会审或审核工程概预算|C.负责采购工程材料和设备|D.负责竣工工程的决算工作','A|B',NULL,NULL,NULL,1,NULL,NULL,1,0,NULL,NULL),
(1126,5,3,'有关增值税税率，下列选项正确的是（   ）。','A.设备购置的增值税税率是17%|B.工程施工的一般计税方法增值税税率是11%|C.设计费增值税税率是6%|D.监理费增值税税率是6%','A|B|C|D',NULL,NULL,NULL,1,NULL,NULL,1,0,NULL,NULL),
(1127,5,3,'通信工程建设项目的设备、工器具购置费中除了设备原价外的其他相关附加费包括：设备运杂费、（   ）、采购代理服务费等项费用。','A.工地搬运费|B.采购保管费|C.运输保险费|D.设备验收费','B|C',NULL,NULL,NULL,2,NULL,NULL,1,0,NULL,NULL),
(1128,5,3,'可以计入直接费的工资有（   ）。','A.职工学习培训期间工资|B.职工探亲、休假期间的工资|C.因气候影响的停工工资 |D.施工机械操作人员的工资','A|B|C',NULL,NULL,NULL,2,NULL,NULL,1,0,NULL,NULL),
(1129,5,3,'信息通信建设工程的基本预备费包括（   ）。','A.进行技术设计、施工图设计和施工过程中，在批准的初步设计概算范围内所增加的工程费用；|B.由一般自然灾害所造成的损失和预防自然灾害所采取的措施项目费用。|C.竣工验收为鉴定工程质量，必须开挖和修复隐蔽工程的费用|D.建设项目贷款在建设期内发生并应计入固定资产的贷款利息等财务费用','A|B|C',NULL,NULL,NULL,2,NULL,NULL,1,0,NULL,NULL),
(1130,5,3,'通信线路工程的总工日为（   ），需要按预算定额的调增系数进行调整。','A.100工日以下|B.100-250工日|C.250工日以上 |D.300工日以下','A|B',NULL,NULL,NULL,3,NULL,NULL,1,0,NULL,NULL),
(1131,5,3,'关于编制概预算，下列说法正确的是（   ）。','A.编制设计概算应在投资估算的范围内进行|B.对于一阶段设计所编制的施工图预算，应在投资估算的范围内进行|C.编制所有施工图预算应在批准的设计概算范围内进行|D.在两阶段设计时，编制施工图预算应在批准的设计概算范围内进行\n','A|B|D',NULL,NULL,NULL,4,NULL,NULL,1,0,NULL,NULL),
(1132,5,3,'施工图预算编制的主要依据包括（   ）。','A.批准可行性研究报告\n|B.通信专业工程量计算规则\n|C.施工图、通用图、标准图及说明\n|D.建设项目所在地政府发布的有关土地征用和赔补费用等有关规定','B|C|D',NULL,NULL,NULL,4,NULL,NULL,1,0,NULL,NULL),
(1133,5,3,'以下工程项目，哪些项目按照招投标法规定必须进行招投标（   ）。','A.大型基础设施、公用事业项目|B.涉及国家安全、国家秘密的工程|C.部分使用国家融资的项目|D.抢险救灾工程','A|C',NULL,NULL,NULL,5,NULL,NULL,1,0,NULL,NULL),
(1134,5,3,'按计价方式不同，建设工程合同可以划分为（   ）。','A.总价合同|B.单价合同|C.总包合同|D.成本加酬金合同','A|B|D',NULL,NULL,NULL,5,NULL,NULL,1,0,NULL,NULL),
(1135,5,3,'以下关于招标控制价的说法，正确的是（   ）。','A.招标人在确定最终招标控制价时应结合自身管理要求和工程实际情况对计算结果进行上下浮动调整；|B.招标控制价是招标对象的最高限价，招标人只要公布总价即可；|C.招标控制价应报送行业主管部门或招标监督机构备案；|D.投标报价不得超过招标控制价，否则废标。','C|D',NULL,NULL,NULL,6,NULL,NULL,1,0,NULL,NULL),
(1136,5,3,'对于造价的审核，主要是以（  ）为重点。','A.工程量是否正确|B.定额的套用是否合理|C.费用的计取是否准确|D.预算结果是否准确','A|B|C',NULL,NULL,NULL,8,NULL,NULL,1,0,NULL,NULL),
(1137,5,2,'建设项目按照不同的建设性质分类，在以下选项中不包含的项目类型是（   ）。','A.配套项目|B.新建项目|C.扩建项目|D.改造项目','A',NULL,NULL,NULL,1,NULL,NULL,1,0,NULL,NULL),
(1138,5,2,'竣工后一般不能独立发挥生产能力或效益，但具有独立设计，可以独立组织施工的工程，被称为（   ）。','A.单项工程|B.单位工程|C.分部工程|D.分项工程','B',NULL,NULL,NULL,1,NULL,NULL,1,0,NULL,NULL),
(1139,5,2,'某信息通信建设单项工程为视频监控设备安装工程，该单项工程依据信息通信建设工程的专业划分规则，其专业类别应该是（   ）。','A.有线通信设备安装工程|B.无线通信设备安装工程|C.通信线路工程|D.通信管道工程','A',NULL,NULL,NULL,1,NULL,NULL,1,0,NULL,NULL),
(1140,5,2,'（   ）是工程建设的最后一个环节，是考核建设成果、检验设计和工程质量是否符合要求，投资使用是否合理的重要步骤。','A.初步验收|B.竣工验收|C.竣工结算|D.项目后评价','B',NULL,NULL,NULL,1,NULL,NULL,1,0,NULL,NULL),
(1141,5,2,'以下选项不是工程造价在工程项目管理中所起作用的是（   ）。','A.项目决策的工具|B.筹集建设资金的依据|C.评价投资效果的重要指标|D.控制投资风险的有效手段','D',NULL,NULL,NULL,1,NULL,NULL,1,0,NULL,NULL),
(1142,5,2,'年应征增值税销售额超过财政部和国家税务总局规定的小规模纳税人标准的企业和企业性单位，为（   ）。','A.小规模纳税人|B.重点纳税人|C.一般纳税人|D.特殊纳税人','C',NULL,NULL,NULL,1,NULL,NULL,1,0,NULL,NULL),
(1143,5,2,'信息通信工程建设项目设备、工器具购置费用，用于购置必须将其整体或几个部位装配起来，安装在基础或建筑物支架上才能使用的设备的费用称为（   ）。','A.固定设备费|B.需要安装设备费|C.固定资产购置费|D.静态设备费','B',NULL,NULL,NULL,2,NULL,NULL,1,0,NULL,NULL),
(1144,5,2,'在通信建设工程中,下列费用不属于机械使用费的是（   ）。','A.折旧费|B.大型施工机械调遣费|C.经常修理费|D.燃料动力费','B',NULL,NULL,NULL,2,NULL,NULL,1,0,NULL,NULL),
(1145,5,2,'施工现场为达到环保要求及文明施工所需要的各项费用，称为（   ）。','A.工程干扰费|B.工程排污费|C.环境保护费|D.文明施工费','D',NULL,NULL,NULL,2,NULL,NULL,1,0,NULL,NULL),
(1146,5,2,'临时设施依据施工现场与企业的距离划分为两档，划分的界限是（   ）。','A.35公里|B.45公里\n|C.26公里|D.100公里','A',NULL,NULL,NULL,2,NULL,NULL,1,0,NULL,NULL),
(1147,5,2,'下列工程可以计列已完工程保护费是（   ）。','A.有线通信安装工程\n|B.电源设备安装工程\n|C.无线通信安装工程（室内部分）|D.有线通信安装工程（室外部分）\n','D',NULL,NULL,NULL,2,NULL,NULL,1,0,NULL,NULL),
(1148,5,2,'基础单价，也称为要素价格。以下单价不属于基础单价的是（   ）。','A.设备单价|B.人工单价|C.材料单价|D.机械台班单价','A',NULL,NULL,NULL,2,NULL,NULL,1,0,NULL,NULL),
(1149,5,2,'安全生产费是指施工企业按照国家有关规定，购置施工防护用具、落实安全施工措施以及改善安全生产条件所需要的各项费用。其计算公式是（   ）。','A.安全生产费=直接工程费*1.5%\n|B.安全生产费=人工费*1.0%\n|C.安全生产费=建筑安装工程费*1.0%\n|D.安全生产费=建筑安装工程费*1.5%','D',NULL,NULL,NULL,2,NULL,NULL,1,0,NULL,NULL),
(1150,5,2,'某施工企业距施工现场280公里，技工500工日，普工600工日，该施工队伍调遣费是（   ）。','A.0元|B.1410元\n|C.2400元|D.4800元\n','C',NULL,NULL,NULL,2,NULL,NULL,1,0,NULL,NULL),
(1151,5,2,'工程计价的顺序为（   ）。','A.单位工程造价-分部分项工程单价-单项工程造价-建设项目总造价|B.分部分项工程单价-单位工程造价-单项工程造价-建设项目总造价|C.单项工程造价-分部分项工程单价-单位工程造价-建设项目总造价|D.单位工程造价-单项工程造价-分部分项工程单价-建设项目总造价\n','B',NULL,NULL,NULL,4,NULL,NULL,1,0,NULL,NULL),
(1152,5,2,'对建设项目从项目建议书开始,包括可行性研究、勘察设计、设备材料询价与采购、工程施工、生产准备、投料试车，直至竣工投产、交付使用全面实行招标，称为（   ）。','A.工程勘察设计招投|B.建设项目总承包招投标|C.工程施工招投标|D.监理招投标','B',NULL,NULL,NULL,5,NULL,NULL,1,0,NULL,NULL),
(1153,5,2,'对于工程难度较大、技术复杂的工程项目，在进行工程招标时，适合采用的评标方法是（   ）。','A.最低投标价法|B.经评审的最低投标价法\n|C.综合评估最低投标价法|D.综合评估法','D',NULL,NULL,NULL,5,NULL,NULL,1,0,NULL,NULL),
(1154,5,2,'下列选项，不是总价合同的特点的是（   ）。','A.业主可以根据自身力量和需要,较深入的介入和控制工程施工和管理|B.业主的风险较小，承包人将承担较多的风险|C.评标时易于迅速确定最低报价的投标人|D.在施工进度上能极大地调动承包人的积极性','A',NULL,NULL,NULL,5,NULL,NULL,1,0,NULL,NULL),
(1155,5,2,'通信建设工程工程量清单项目的划分及计算规则应依据（   ）进行。','A.通信清单计价规范|B.信息通信工程费用定额|C.设计概算|D.造价咨询师经验','A',NULL,NULL,NULL,6,NULL,NULL,1,0,NULL,NULL),
(1156,5,2,'通过对工程造价进行全面、系统的检查和复核，及时纠正所存在的错误和问题，使之更加合理地确定工程造价，达到有效控制工程造价的目的，保证项目目标管理的实现，称为（   ）。','A.工程造价控制|B.工程造价编制|C.工程造价审核|D.工程造价审计','C',NULL,NULL,NULL,8,NULL,NULL,1,0,NULL,NULL),
(1157,5,3,'下列选项，可以作为一个建设项目必须具备的条件是（   ）。','A.在同一地点建设|B.依据一个总体设计|C.实行统一经济核算|D.由一家企业承办','B|C',NULL,NULL,NULL,1,NULL,NULL,1,0,NULL,NULL),
(1158,5,3,'信息通信工程建设项目划分单项工程一般依据（   ）。','A.不同的设备厂家|B.不同的技术专业|C.不同的资金来源|D.不同的通信系统','B|D',NULL,NULL,NULL,1,NULL,NULL,1,0,NULL,NULL),
(1159,5,3,'工程造价的特点，决定了工程造价计价具有单件性、（  ）、依据复杂性等多个明显特征。','A.多次性|B.组合性\n|C.不确定性|D.方法多样性','A|B|D',NULL,NULL,NULL,1,NULL,NULL,1,0,NULL,NULL),
(1160,5,3,'要达到工程造价的有效控制，需要关注的关键因素包括（   ）。','A.控制目标的合理设置|B.有重点的全过程控制|C.积极发现造价偏离，及时调整|D.技术与经济相结合','A|B|D',NULL,NULL,NULL,1,NULL,NULL,1,0,NULL,NULL),
(1161,5,3,'下列选项中，属于对增值税特点正确描述的是（   ）。','A.税收中性|B.差额征税，避免重复征缴|C.计算简便，税收成本较低|D.税收征缴公平一致','A|B|D',NULL,NULL,NULL,1,NULL,NULL,1,0,NULL,NULL),
(1162,5,3,'以下费用中，包含在工程造价基本构成中有（   ）。','A.用于购买工程项目各种设备的费用|B.用于购买购置土地所需的费用|C.委托工程勘察设计的费用|D.建设单位自身进行项目管理的费用','A|B|C|D',NULL,NULL,NULL,2,NULL,NULL,1,0,NULL,NULL),
(1163,5,3,'直接工程费中的材料费包括（   ）。','A.周转使用材料的摊销|B.工地器材搬运费\n|C.施工过程中实际消耗的原材料|D.搭建临时设施的材料费','A|C',NULL,NULL,NULL,2,NULL,NULL,1,0,NULL,NULL),
(1164,5,3,'措施项目费是指为完成工程项目施工,发生于该工程前和施工过程中非工程实体项目的费用。下列费用属于措施项目费的是（   ）。','A.工程点交场地清理费|B.临时设施费|C.工具用具使用费|D.安全生产费','A|B|C',NULL,NULL,NULL,2,NULL,NULL,1,0,NULL,NULL),
(1165,5,3,'定额的特点主要包括权威性、科学性、（   ）。','A.单一性|B.稳定性|C.时效性|D.系统性','B|C|D',NULL,NULL,NULL,3,NULL,NULL,1,0,NULL,NULL),
(1166,5,3,'设计概算的编制的主要依据包括（   ）。','A.国家相关部门发布的有关、法规、标准规范|B.批准可行性研究报告|C.与项目采购有关的合同、协议|D.通信专业工程量计算规则','A|B|C|D',NULL,NULL,NULL,4,NULL,NULL,1,0,NULL,NULL),
(1167,5,3,'概预算文件编制说明主要包括（   ）。','A.工程概况|B.编制依据|C.技术分析|D.其他需要说明的问题','A|B|D',NULL,NULL,NULL,4,NULL,NULL,1,0,NULL,NULL),
(1168,5,3,'建设项目招标投标制度是在市场经济条件下产生的，因而必然受（   ）的制约。','A.用人机制|B.竞争机制|C.供求机制|D.价格机制','B|C|D',NULL,NULL,NULL,5,NULL,NULL,1,0,NULL,NULL),
(1169,5,3,'下列关于工程量清单计价法和定额计价法的说法，正确的是（   ）。','A.推行工程量清单计价是推进通信建设市场化的重要途径；|B.定额计价反映的是社会平均水平造价；|C.清单计价不能反映企业的管理水平；|D.工程量清单造价有利于防止招标工程中弄虚作假、暗箱操作等不规范行为','A|B|D',NULL,NULL,NULL,6,NULL,NULL,1,0,NULL,NULL),
(1170,5,3,'工程价款结算包括的过程有（   ）。','A.按合同计算工程价款|B.对变更及索赔部分进行调整|C.发承包双方对各项费用进行确认|D.对确认的价款进行支付','A|B|C',NULL,NULL,NULL,7,NULL,NULL,1,0,NULL,NULL),
(1171,5,3,'以下选项，是必须对工程造价进行审核的原因有（   ）。','A.编制水平高低不齐,导致出现差错|B.预算定额或补充定额可能会使用不合理|C.存在人为提高工程造价、高估冒算现象|D.工程造价管理各环节相互监督的需要','A|B|C',NULL,NULL,NULL,8,NULL,NULL,1,0,NULL,NULL),
(1172,5,2,'一个建设项目被称作非生产性建设项目，这是从（   ）方面考虑对项目进行划分的。','A.项目的资金来源|B.项目的生产能力|C.项目的建设性质|D.项目的最终用途','D',NULL,NULL,NULL,1,NULL,NULL,1,0,NULL,NULL),
(1173,5,2,'在一个建设项目的层次划分中，具有独立的设计文件、可以单独编制投资预算的是（   ）','A.新建工程|B.改建工程|C.单项工程|D.单位工程','C',NULL,NULL,NULL,1,NULL,NULL,1,0,NULL,NULL),
(1174,5,2,'以下不属于我国基本建设程序工作环节的是（   ）','A.可行性研究|B.技术设计|C.竣工验收|D.生产运营','D',NULL,NULL,NULL,1,NULL,NULL,1,0,NULL,NULL),
(1175,5,2,'在施工过程中，对隐蔽工程的随工验收，一般由（   ）履行此项职责。','A.施工单位管理人员|B.工程概预算人员\n|C.工程监理人员|D.工程审计人员','C',NULL,NULL,NULL,1,NULL,NULL,1,0,NULL,NULL),
(1176,5,2,'以下选项不是工程造价计价特征的是（   ）','A.单件性特征|B.大额性特征|C.多次性特征|D.计价方法多样性特征\n','B',NULL,NULL,NULL,2,NULL,NULL,1,0,NULL,NULL),
(1177,5,2,'某建筑安装公司是小规模纳税人，它应该按（   ）增值税税率缴纳增值税。','A.17%|B.3%|C.11%|D.13%\n','B',NULL,NULL,NULL,2,NULL,NULL,1,0,NULL,NULL),
(1178,5,2,'以下哪项费用，不属于通信建设单项工程总费用构成的是（   ）。','A.工程费|B.建设期利息|C.固定资产投资方向调节税|D.涨价预备费','C',NULL,NULL,NULL,2,NULL,NULL,1,0,NULL,NULL),
(1179,5,2,'人工费指直接从事建筑安装工程施工的生产人员开支的各项费用。下列费用不属于人工费的是（   ）。','A.生产人员的基本工资|B.生产人员的工资性补贴|C.辅助工资|D.职工的养老保险','D',NULL,NULL,NULL,2,NULL,NULL,1,0,NULL,NULL),
(1180,5,2,'施工用水电蒸汽费是指（   ）使用水、电、蒸汽所发生的费用。','A.监理单位实施工程监理中|B.施工生产过程中|C.施工企业中在施工期间生活|D.厂方检验','B',NULL,NULL,NULL,2,NULL,NULL,1,0,NULL,NULL),
(1181,5,2,'间接费由（   ）组成。','A.规费和企业管理费|B.企业管理费和措施费|C.规费和直接工程费|D.规费和措施费','A',NULL,NULL,NULL,2,NULL,NULL,1,0,NULL,NULL),
(1182,5,2,'以下不是影响材料价格主要因素的是（   ）。','A.市场材料供需的变化|B.材料生产成本|C.施工工艺要求|D.材料运输距离','C',NULL,NULL,NULL,2,NULL,NULL,1,0,NULL,NULL),
(1183,5,2,'以下选项，不属于工程建设其他费用内容的是（   ）。','A.与未来企业生产经营有关的其他费用|B.与土地使用相关的费用|C.与设备购置相关的费用|D.与工程设计相关的费用','C',NULL,NULL,NULL,2,NULL,NULL,1,0,NULL,NULL),
(1184,5,2,'某通信建设单项工程中，预备费5万元，工程建设其他费10万元，建设安装工程费100万元，需要安装的设备购置费20万元，直接工程费80万元，则其安装生产费是（   ）','A、1.2|B、1.5|C、1.8|D、1.95\n','B',NULL,NULL,NULL,2,NULL,NULL,1,0,NULL,NULL),
(1185,5,2,'下列情况不能列入预备费的是（   ）','A.设计变更增加的费用|B.由一般自然灾害所造成的损失和预防自然灾害所采取的措施费用|C.竣工验收时为鉴定工程质量，对隐蔽工程进行必要的开挖和修复费用|D.对生产维护人员培训以及熟悉工艺流程、设备性能等在生产前做准备的费用','D',NULL,NULL,NULL,2,NULL,NULL,1,0,NULL,NULL),
(1186,5,2,'填写信息工程概、预算表，正确的顺序是（   ）','A.表四、表五、表三甲乙丙、表二、表一|B.表五、表四、表三甲乙丙、表二、表一|C.表三甲乙丙、表四、表五、表二、表一|D.表三甲乙丙、表四、表二、表五、表一','D',NULL,NULL,NULL,4,NULL,NULL,1,0,NULL,NULL),
(1187,5,2,'以下工程项目，可以不进行招投标是的（   ）','A.大型基础设施、公用事业项目|B.部分使用国有资金的项目|C.使用外国政府贷款的项目|D.抢险救灾工程','D',NULL,NULL,NULL,5,NULL,NULL,1,0,NULL,NULL),
(1188,5,2,'由一定机关事先拟定的，对当事人订立相关合同起示范作用的合同文本成为（   ）','A.格式条款合同|B.标准条款合同|C.合同示范为本|D.合同固定文本','C',NULL,NULL,NULL,5,NULL,NULL,1,0,NULL,NULL),
(1189,5,2,'.能够较合理的分担了合同履行过程中的风险，在实际完成工程量与估计工程量有较大差异时，可以避免业主过大的额外支出或承包商的亏损的合同形式是（ ）','A.单价合同|B.固定总价合同|C.可调总价合同|D.成本加酬金合同','A',NULL,NULL,NULL,5,NULL,NULL,1,0,NULL,NULL),
(1190,5,2,'下列计价方式能充分反应市场定价体系的作用是（   ）','A.综合单价|B.工程量清单计价|C.定额计价|D.行业指导价','B',NULL,NULL,NULL,6,NULL,NULL,1,0,NULL,NULL),
(1191,5,2,'发、承包双方根据国家有关法律、法规规定和合同预定，对合同实施中、终止时、已完工后的工程项目进行合同价款计算、调整和确认，称为（   ）。它是工程项目承包中一项十分重要的工作。','A.工程价款支付|B.工程价款结算|C.工程竣工结算|D.工程竣工决算','C',NULL,NULL,NULL,7,NULL,NULL,1,0,NULL,NULL),
(1192,5,3,'以计划年度为单位，按建设工程项目建设工程不同阶段分类，建设项目可以分为（   ）','A.筹建项目|B.改建项目|C.扩建项目|D.停缓建项目','A|D',NULL,NULL,NULL,1,NULL,NULL,1,0,NULL,NULL),
(1193,5,3,'以下工程内容可以作为信息通信建设项目单项工程的有（   ）','A.电缆线路工程|B.基站设备安装工程|C.光放设备安装工程|D.住宅光纤到户工程','A|B|C|D',NULL,NULL,NULL,1,NULL,NULL,1,0,NULL,NULL),
(1194,5,3,'初步设计的主要任务是（   ）','A.确定项目的建设方案|B.进行设备选型|C.确定施工工艺|D.编制项目的总概算','A|B|D',NULL,NULL,NULL,1,NULL,NULL,1,0,NULL,NULL),
(1195,5,3,'作为工程造价的层次性体现，不同层次的工程造价主要包括（   ）','A.工程概算造价|B.单项工程造价|C.单位工程造价|D.建设项目总造价','B|C|D',NULL,NULL,NULL,1,NULL,NULL,1,0,NULL,NULL),
(1196,5,3,'全要素造价管理要求不能单就工程造价本身谈造价管理，还应该同时考虑（   ）','A.政府管理成本|B.工期控制成本|C.环境保护成本|D.自然灾害成本','B|C',NULL,NULL,NULL,1,NULL,NULL,1,0,NULL,NULL),
(1197,5,3,'全面实施营改增，是推动供给侧结构性改革的一项重要举措，它对我们经济发展具有重要意义，主要有（   ）','A.全面实施营改增，使增值税变成了一个全链条|B.所有的企业和行业全部都实施了增值税，充分体现了增值税税收中性的原则|C.实现了全链条的增值税制度，对于增值税征收管理有非常积极的效果|D.全面实施营改增是对所有行业实行的一次减税行为','A|B|C|D',NULL,NULL,NULL,1,NULL,NULL,1,0,NULL,NULL),
(1198,5,3,'下列选项与计算辅助材料费有关的是（   ）','A.机械使用费|B.主要材料费|C.人工费|D.辅助材料费系数','B|D',NULL,NULL,NULL,2,NULL,NULL,1,0,NULL,NULL),
(1199,5,3,'下列进入直接费的费用项目是（   ）','A.直接工程费|B.临时设施费|C.冬雨季施工增加费|D.利润','A|B|C',NULL,NULL,NULL,2,NULL,NULL,1,0,NULL,NULL),
(1200,5,3,'下列关于人工费的说法，正确的是（   ）','A.通信建设工程不分专业和地区工资类别，综合取定人工费|B.人工费=技工费+普工费|C.人工费单价为：技工114元/工日，普工为61元/工日|D.通信线路工程的人工费仅包含技工费','A|B|C',NULL,NULL,NULL,2,NULL,NULL,1,0,NULL,NULL),
(1201,5,3,'按主编单位和管理权限分类，工程建设定额可分为（   ）','A.全国统一定额|B.行业统一定额|C.企业定额|D.临时定额','A|B|C',NULL,NULL,NULL,3,NULL,NULL,1,0,NULL,NULL),
(1202,5,3,'是信息通信工程单项工程概算的组成部分的是（   ）','A.工程费|B.预备费\n|C.工程建设其他费|D.建设期利息','A|B|C',NULL,NULL,NULL,4,NULL,NULL,1,0,NULL,NULL),
(1203,5,3,'设计概算的编制的主要依据不包括（   ）','A.国家相关部门发布的有关法律、法规、标准规范|B.施工图、通用图、标准图及说明|C.批准的初步设计概算及有关文件|D.通信专业工程量计算规则','B|C',NULL,NULL,NULL,4,NULL,NULL,1,0,NULL,NULL),
(1204,5,3,'实行招投标制，对降低工程造价，使工程造价得到合理控制具有非常重要的影响，这种影响主要表现在（   ）','A.形成了市场定价的价格机制，使工程造价更趋于合理|B.便于供求双方更好的相互选择，是工程价格更加符合价值规律|C.有利于规范价格行为，使价格形成的过程变得较为透明和规范|D.增加了交易过程中的费用，对工程造价的控制产生重要影响','A|B|C',NULL,NULL,NULL,5,NULL,NULL,1,0,NULL,NULL),
(1205,5,3,'下列关于工程量清单计价法，说法错误的是（   ）','A.投标报价中的综合单价是拨付工程款的重要依据|B.工程量清单计价特点是量价合一、风险共担|C.工程量清单计价是依赖建设主管部部门发布的定额和规定的取费标准进行计价的模式|D.工程量清单计价切合了政府宏观调控、企业自主报价、市场形成价格、社会全面监督的工程造价管理思路','B|C',NULL,NULL,NULL,6,NULL,NULL,1,0,NULL,NULL),
(1206,5,3,'在审核工程概预算的工作中一般要坚持的原则有（   ）','A.掌握建设项目第一手资料是审核工程概预算的前提|B.全面研究设计图纸和定额资料是审核工程概预算的基础|C.工程概预算的量、价、费同审是审核工作的主要内容|D.选择正确的审核方法是提高审核速度和审核质量的必要保证','A|B|C|D',NULL,NULL,NULL,8,NULL,NULL,1,0,NULL,NULL),
(1207,5,2,'以下经济活动不属于基本建设行为的是（   ）','A.建筑工程施工|B.安装工程施工|C.施工材料购置|D.生产设备租赁','D',NULL,NULL,NULL,1,NULL,NULL,1,0,NULL,NULL),
(1208,5,2,'一个建设项目被称为大中型建设项目,这是从（   ）方面考虑对项目进行划分的。','A.项目的资金来源|B.项目的生产能力|C.项目的建设性质|D.项目的最终用途','B',NULL,NULL,NULL,1,NULL,NULL,1,0,NULL,NULL),
(1209,5,2,'某信息通信建设单项工程为视频监控设备安装工程，该单项工程依据信息通信建设工程的专业划分规则,其专业类别应该是（   ）','A.无线通信设备安装工程|B.有线通信设备安装工程|C.通信线路工程|D.通信管道工程','B',NULL,NULL,NULL,1,NULL,NULL,1,0,NULL,NULL),
(1210,5,2,'建设项目的实际工程造价是该项目的（   ）','A.竣工决算价|B.结算价|C.合同价|D.设计概算价','A',NULL,NULL,NULL,1,NULL,NULL,1,0,NULL,NULL),
(1211,5,2,'任何一项建设工程从决策到竣工交付使用，都有一个较长的建设期。在这一期间,如工程变更,材料价格、费率、利率、汇率等会发生变化。决定了建设项目工程造价具有（   ）','A.大额性|B.单一性\n|C.动态性|D.兼容性','C',NULL,NULL,NULL,1,NULL,NULL,1,0,NULL,NULL),
(1212,5,2,'工程造价控制的关键在于施工前的投资决策和设计阶段,而在项目做出投资决策后,控制工程造价的关键就在于（   ）','A.计划组织|B.工程设计|C.工程监理|D.合同签订','B',NULL,NULL,NULL,1,NULL,NULL,1,0,NULL,NULL),
(1213,5,2,'下列选项,不属于信息通信工程项目费用编审人员在工程设计阶段的主要工作职责的是（   ）','A.掌握工程预算定额|B.掌握有关政策规定\n|C.了解工程情况,绘制工程图纸|D.正确编制和审核工程概预算','C',NULL,NULL,NULL,1,NULL,NULL,1,0,NULL,NULL),
(1214,5,2,'电信行业从（   ）起开始全面实施营改增。','A.2013年8月1日|B.2014年1月1日|C.2014年6月1日|D.2016年6月1日','C',NULL,NULL,NULL,1,NULL,NULL,1,0,NULL,NULL),
(1215,5,2,'由设备制造场仓库或交货地点运至施工工地仓库,所发生的免费、装卸费及杂项费用,被称为（）','A.设备到岸价|B.设备原价|C.设备运杂费|D.设备采购保管费','C',NULL,NULL,NULL,2,NULL,NULL,1,0,NULL,NULL),
(1216,5,2,'仪表使用费应归入（   ）','A.规费|B.直接工程费\n|C.措施项目费|D.间接费','B',NULL,NULL,NULL,2,NULL,NULL,1,0,NULL,NULL),
(1217,5,2,'某施工企业距施工现场35公里,技工350工日，普工600工日,在施工队伍调遣费是（   ）元','A.0|B.1410|C.2400|D.4800','A',NULL,NULL,NULL,2,NULL,NULL,1,0,NULL,NULL),
(1218,5,2,'直接工程费中人工费的基本工资是指（   ）','A.直接从事建筑安装工程施工的生产人员的岗位工资和技能工资|B.从事机械操作人员的岗位工资和技能工资|C.从事仪表操作人员的岗位工资和技能工资|D.施工企业总经理的岗位工资和技能工资','A',NULL,NULL,NULL,2,NULL,NULL,1,0,NULL,NULL),
(1219,5,2,'教育费附加计入（   ）中','A.建设单位管理费|B.销项税额|C.企业管理费|D.项目建设管理费','C',NULL,NULL,NULL,2,NULL,NULL,1,0,NULL,NULL),
(1220,5,2,'建设工程监理费应在（   ） ','A.工程建设其他费用单独计列|B.建设单位管理费中包含|C.直接工程费中计取|D.建筑安装工程费中计取','A',NULL,NULL,NULL,2,NULL,NULL,1,0,NULL,NULL),
(1221,5,2,'施工图预算的作用不包括（   ）','A.是考核工程成本,确定工程造价的主要依据|B.是工程价款结算的主要依据|C.是进行拨款和贷款的依据|D.是考核施工图设计技术经济和理性的主要依据','C',NULL,NULL,NULL,4,NULL,NULL,1,0,NULL,NULL),
(1222,5,2,'建设工程的招标方式分为公开招标和（   ）','A.私密招标|B.邀请招标|C.选择招标|D.自愿招标','B',NULL,NULL,NULL,5,NULL,NULL,1,0,NULL,NULL),
(1223,5,2,'工程勘察、设计合同一般为（）','A.总价合同|B.单价合同|C.成本加酬金合同|D.总包合同','A',NULL,NULL,NULL,5,NULL,NULL,1,0,NULL,NULL),
(1224,5,2,'施工招标时所依据的工程项目的（   ），经常是选择合同类型的重要因素。','A.施工难度|B.质量要求|C.精度要求|D.设计深度','D',NULL,NULL,NULL,5,NULL,NULL,1,0,NULL,NULL),
(1225,5,2,'下列情况下，承包人只能得到工期延长而得不到经济补偿的是（   ）','A.承包人原因引起工期延长|B.发包人原因引起工期延长|C.客观原因引起工期延长|D.由发包人原因引起工期延长期间并发客观原因引起的工期延长','C',NULL,NULL,NULL,7,NULL,NULL,1,0,NULL,NULL),
(1226,5,2,'以下选项中，不是造价审核人员对招标控制价和投标报价审核时可以使用的宏观指标的是（   ）','A.全员劳动生产率|B.单位投资的生产能力比值|C.单位工程用工用料正常指标|D.各类费用的正常比例','B',NULL,NULL,NULL,8,NULL,NULL,1,0,NULL,NULL),
(1227,5,3,'以下选项,作为一个建设项目必须具备的条件是（   ）','A.在同一地点|B.依据一个总体设计|C.实行统一经济合算|D.由一家企业承办','B|C',NULL,NULL,NULL,1,NULL,NULL,1,0,NULL,NULL),
(1228,5,3,'对于技术复杂且缺乏经验的项目，经主管部门指定,可以进行三阶段设计，三阶段设计是指（   ）','A.初步设计|B.详细设计|C.技术设计|D.施工图设计','A|C|D',NULL,NULL,NULL,1,NULL,NULL,1,0,NULL,NULL),
(1229,5,3,'在我国基本建设程序中，立项阶段可以划分为（   ）等环节的工作。','A.提出项目建议书|B.编制可行性研究报告\n|C.评估可行性研究报告|D.编制初步设计','A|B|C',NULL,NULL,NULL,1,NULL,NULL,1,0,NULL,NULL),
(1230,5,3,'建设工程造价管理不仅仅是建设单位的任务也应该是（   ）的共同任务。','A.政府建设行政主管部门|B.银行、保险等相关金融机构|C.行业协会|D.设计单位','A|C|D',NULL,NULL,NULL,1,NULL,NULL,1,0,NULL,NULL),
(1231,5,3,'中国通信企业协会对信息通信工程项目费用编审人员要求应当具备的基本条件包括（   ）','A.遵纪守法，身体健康，年龄不超过60周岁|B.大学本科及以上学历|C.具有初级以上职称或者同等专业水平|D.有两年以上从事信息通信工程建设的工作经历','C|D',NULL,NULL,NULL,1,NULL,NULL,1,0,NULL,NULL),
(1232,5,3,'某一般纳税人采用增值税基本税率11%缴纳增值税,其所属行业可能是（   ）','A.货物租赁|B.交通运输业|C.电信业|D.金融服务业','B|C',NULL,NULL,NULL,1,NULL,NULL,1,0,NULL,NULL),
(1233,5,3,' 建设项目静态投资是以某一基准年、月的建设要素的价格为依据所计算出来的建设项目投资的瞬时值，它包括（   ）','A.建设项目前期工程费|B.建筑安装工程费\n|C.工程建设其他费用|D.涨价预备费','A|B|C',NULL,NULL,NULL,2,NULL,NULL,1,0,NULL,NULL),
(1234,5,3,'以下费用中包含在工程造价基本构成中有（   ）','A.用于购买工程项目各种设备的费用|B.用于购置土地所需的费用|C.委托工程勘察设计的费用|D.建设单位自身进行项目管理的费用','A|B|C|D',NULL,NULL,NULL,2,NULL,NULL,1,0,NULL,NULL),
(1235,5,3,'以下费用包含在直接费中人工费的有（   ）。','A.生产人员技能工资|B.流动施工津贴\n|C.职工教育经费|D.生产人员防暑降温费','A|B|D',NULL,NULL,NULL,2,NULL,NULL,1,0,NULL,NULL),
(1236,5,3,'措施项目费为完成工程项目施工发生于该工程前和施工过程中非工程实体项目地费用。下列费用属于措施项目费的是（   ）。','A.冬雨季施工增加费|B.特殊地区施工增加费|C.劳动保护费|D.财产保险费','A|B',NULL,NULL,NULL,2,NULL,NULL,1,0,NULL,NULL),
(1237,5,3,'规费指政府及有关部门规定必须缴纳的费用，下列费用项目属于规费的有（）。','A.工程干扰费|B.工程排污费|C.社会保障费|D.住房公积金','B|C|D',NULL,NULL,NULL,2,NULL,NULL,1,0,NULL,NULL),
(1238,5,3,'信息通信工程现行定额执行的文本主要包括（）。','A.信息通信建设工程预算定额|B.信息通信建设工程费用定额\n|C.信息通信建设工程概预算编制规程|D.信息通信建设工程工期定额','A|B',NULL,NULL,NULL,3,NULL,NULL,1,0,NULL,NULL),
(1239,5,3,'公开招标与邀请招标的主要区别是（）','A.招标信息的发布的媒体不同|B.招标信息的发布的方式不同\n|C.招标邀请的对象不同|D.招标文件的编制不同','B|C',NULL,NULL,NULL,5,NULL,NULL,1,0,NULL,NULL),
(1240,5,3,'实行工程量清单计价对施工企业的好处有（   ）','A.有利于提高工程计价效率，真正实现快速报价|B.避免了传统计价方式中招标人与投标人在工程量计算上的重复工作|C.体现施工企业在技术装备水平管理水平和劳动生产率|D.有利于施工企业公平竞争','A|B|D',NULL,NULL,NULL,6,NULL,NULL,1,0,NULL,NULL),
(1241,5,3,'我国现行价款结算方式有（）','A.按月结算|B.竣工后一次结算|C.分段结算|D.目标结款方式','A|B|C|D',NULL,NULL,NULL,7,NULL,NULL,1,0,NULL,NULL);

/*Table structure for table `user` */

DROP TABLE IF EXISTS `user`;

CREATE TABLE `user` (
  `id` int(11) NOT NULL AUTO_INCREMENT,
  `w_account` varchar(32) DEFAULT NULL COMMENT '微信账号',
  `openid` varchar(64) DEFAULT NULL COMMENT 'openid,唯一',
  `w_nickname` varchar(32) DEFAULT NULL COMMENT '微信昵称',
  `sex` tinyint(4) DEFAULT NULL COMMENT '微信获取性别,0未知,1男2女',
  `language` varchar(32) DEFAULT NULL COMMENT '使用语言',
  `city` varchar(16) DEFAULT NULL COMMENT '所在城市',
  `province` varchar(16) DEFAULT NULL COMMENT '所在省份',
  `country` varchar(16) DEFAULT NULL COMMENT '所在国家',
  `headimgurl` varchar(64) DEFAULT NULL COMMENT '微信头像',
  `privilege` varchar(128) DEFAULT NULL COMMENT '微信特权',
  `unionid` varchar(64) DEFAULT NULL COMMENT '微信UnionID',
  `create_time` timestamp NOT NULL DEFAULT CURRENT_TIMESTAMP ON UPDATE CURRENT_TIMESTAMP COMMENT '创建时间',
  `update_time` timestamp NOT NULL DEFAULT '0000-00-00 00:00:00' COMMENT '更新时间',
  PRIMARY KEY (`id`)
) ENGINE=InnoDB AUTO_INCREMENT=3 DEFAULT CHARSET=utf8;

/*Data for the table `user` */

insert  into `user`(`id`,`w_account`,`openid`,`w_nickname`,`sex`,`language`,`city`,`province`,`country`,`headimgurl`,`privilege`,`unionid`,`create_time`,`update_time`) values 
(1,'lidagou','test','李大狗',1,'chinese','hz','zj','china',NULL,NULL,NULL,'2018-01-23 09:41:16','0000-00-00 00:00:00'),
(2,NULL,'ofDLw1QUnTdqF8ikmwNbF_ulIKeY','高正德',1,NULL,NULL,NULL,NULL,NULL,NULL,NULL,'2018-01-23 09:41:16','0000-00-00 00:00:00');

/*Table structure for table `user_exam` */

DROP TABLE IF EXISTS `user_exam`;

CREATE TABLE `user_exam` (
  `id` int(11) NOT NULL AUTO_INCREMENT,
  `user_id` int(11) DEFAULT NULL,
  `img_path` varchar(256) DEFAULT NULL COMMENT '图片路径',
  `img_type` varchar(16) DEFAULT NULL COMMENT '图片类型',
  `ex_size` int(11) DEFAULT NULL COMMENT '范例数量',
  `create_time` datetime DEFAULT NULL,
  `update_time` datetime DEFAULT NULL,
  PRIMARY KEY (`id`)
) ENGINE=InnoDB AUTO_INCREMENT=2 DEFAULT CHARSET=utf8;

/*Data for the table `user_exam` */

insert  into `user_exam`(`id`,`user_id`,`img_path`,`img_type`,`ex_size`,`create_time`,`update_time`) values 
(1,1,'F://calligraphy\\user1\\','jpg',3,'2017-11-29 16:09:07','2017-11-29 16:09:07');

/*Table structure for table `user_examination` */

DROP TABLE IF EXISTS `user_examination`;

CREATE TABLE `user_examination` (
  `id` int(11) NOT NULL AUTO_INCREMENT,
  `user_id` int(11) DEFAULT NULL,
  `examination_id` int(11) DEFAULT NULL,
  `create_time` datetime DEFAULT NULL,
  `update_time` datetime NOT NULL,
  PRIMARY KEY (`id`)
) ENGINE=InnoDB DEFAULT CHARSET=utf8;

/*Data for the table `user_examination` */

/*Table structure for table `user_learn` */

DROP TABLE IF EXISTS `user_learn`;

CREATE TABLE `user_learn` (
  `id` int(11) NOT NULL AUTO_INCREMENT,
  `user_id` int(11) DEFAULT NULL,
  `calligrapy_id` int(11) DEFAULT NULL,
  `learn_progress` int(11) DEFAULT '0' COMMENT '表示已学习到第几张,默认0',
  `history_score` varchar(2048) DEFAULT NULL COMMENT '历史分值,目前没想好怎么做',
  `highest_score` varchar(11) DEFAULT NULL COMMENT '最高分',
  `average_score` int(11) DEFAULT NULL COMMENT '平均分',
  `create_time` timestamp NOT NULL DEFAULT CURRENT_TIMESTAMP ON UPDATE CURRENT_TIMESTAMP,
  `update_time` timestamp NOT NULL DEFAULT '0000-00-00 00:00:00',
  PRIMARY KEY (`id`)
) ENGINE=InnoDB AUTO_INCREMENT=3 DEFAULT CHARSET=utf8;

/*Data for the table `user_learn` */

insert  into `user_learn`(`id`,`user_id`,`calligrapy_id`,`learn_progress`,`history_score`,`highest_score`,`average_score`,`create_time`,`update_time`) values 
(1,1,1,1,'0','0',0,'2017-11-15 08:42:25','2017-11-14 11:39:57'),
(2,1,2,NULL,NULL,'0',0,'2017-12-12 16:56:58','2017-12-12 16:56:58');

/*Table structure for table `user_work` */

DROP TABLE IF EXISTS `user_work`;

CREATE TABLE `user_work` (
  `id` int(11) NOT NULL AUTO_INCREMENT,
  `user_id` int(11) DEFAULT NULL,
  `img_path` varchar(256) DEFAULT NULL COMMENT '图片路径',
  `img_type` varchar(16) DEFAULT NULL COMMENT '图片类型',
  `wk_size` int(11) DEFAULT NULL COMMENT '范例数量',
  `create_time` datetime DEFAULT NULL,
  `update_time` datetime DEFAULT NULL,
  PRIMARY KEY (`id`)
) ENGINE=InnoDB DEFAULT CHARSET=utf8;

/*Data for the table `user_work` */

/*!40101 SET SQL_MODE=@OLD_SQL_MODE */;
/*!40014 SET FOREIGN_KEY_CHECKS=@OLD_FOREIGN_KEY_CHECKS */;
/*!40014 SET UNIQUE_CHECKS=@OLD_UNIQUE_CHECKS */;
/*!40111 SET SQL_NOTES=@OLD_SQL_NOTES */;
